1	я	я	PRON	_	Case=Nom|Number=Sing|Person=1	_	_	_	@gp1992m-words#@gp1992m#0.05#0.325
2	учился	учиться	VERB	_	Aspect=Imp|Gender=Masc|Mood=Ind|Number=Sing|Tense=Past|VerbForm=Fin|Voice=Mid	_	_	_	@gp1992m-words#@gp1992m#0.325#0.6
3	в	в	ADP	_	_	_	_	_	@gp1992m-words#@gp1992m#0.6#0.875
4	детской	детский	ADJ	_	Case=Loc|Degree=Pos|Gender=Fem|Number=Sing	_	_	_	@gp1992m-words#@gp1992m#0.875#1.15
5	художественной	художественный	ADJ	_	Case=Loc|Degree=Pos|Gender=Fem|Number=Sing	_	_	_	@gp1992m-words#@gp1992m#1.15#1.425
6	школе	школа	NOUN	_	Animacy=Inan|Case=Loc|Gender=Fem|Number=Sing	_	_	_	@gp1992m-words#@gp1992m#1.425#1.7
7	эээ	эээ	INTJ	_	_	_	_	_	@gp1992m-words#@gp1992m#1.72#2.044
8	/	/	PUNCT	_	_	_	_	_	@gp1992m-words#@gp1992m#2.044#2.368
9	я	я	PRON	_	Case=Nom|Number=Sing|Person=1	_	_	_	@gp1992m-words#@gp1992m#2.368#2.692
10	там	там	ADV	_	_	_	_	_	@gp1992m-words#@gp1992m#2.692#3.016
11	закончил	закончить	VERB	_	Aspect=Perf|Gender=Masc|Mood=Ind|Number=Sing|Tense=Past|VerbForm=Fin|Voice=Act	_	_	_	@gp1992m-words#@gp1992m#3.016#3.34
12	ее	она	PRON	_	Case=Acc|Gender=Fem|Number=Sing|Person=3	_	_	_	@gp1992m-words#@gp1992m#3.34#3.664
13	/	/	PUNCT	_	_	_	_	_	@gp1992m-words#@gp1992m#3.664#3.988
14	потом	потом	ADV	_	_	_	_	_	@gp1992m-words#@gp1992m#3.988#4.312
15	эммм	эммм	INTJ	_	_	_	_	_	@gp1992m-words#@gp1992m#4.312#4.636
16	у	у	ADP	_	_	_	_	_	@gp1992m-words#@gp1992m#4.636#4.96
17	меня	я	PRON	_	Case=Gen|Number=Sing|Person=1	_	_	_	@gp1992m-words#@gp1992m#4.96#5.284
18	были	быть	AUX	_	Aspect=Imp|Mood=Ind|Number=Plur|Tense=Past|VerbForm=Fin|Voice=Act	_	_	_	@gp1992m-words#@gp1992m#5.284#5.608
19	эээ	эээ	INTJ	_	_	_	_	_	@gp1992m-words#@gp1992m#5.608#5.932
20	/	/	PUNCT	_	_	_	_	_	@gp1992m-words#@gp1992m#5.932#6.256
21	ну	ну	PART	_	_	_	_	_	@gp1992m-words#@gp1992m#6.256#6.58
22	подготовишка	подготовишка	NOUN	_	Animacy=Inan|Case=Nom|Gender=Fem|Number=Sing	_	_	_	@gp1992m-words#@gp1992m#6.58#6.904
23	в	в	ADP	_	_	_	_	_	@gp1992m-words#@gp1992m#6.904#7.228
24	вузе	вуз	NOUN	_	Animacy=Inan|Case=Loc|Gender=Masc|Number=Sing	_	_	_	@gp1992m-words#@gp1992m#7.228#7.552
25	когда	когда	SCONJ	_	_	_	_	_	@gp1992m-words#@gp1992m#7.552#7.876
26	ты	ты	PRON	_	Case=Nom|Number=Sing|Person=2	_	_	_	@gp1992m-words#@gp1992m#7.876#8.2
27	целый	целый	ADJ	_	Animacy=Inan|Case=Acc|Degree=Pos|Gender=Masc|Number=Sing	_	_	_	@gp1992m-words#@gp1992m#8.2#8.524
28	год	год	NOUN	_	Animacy=Inan|Case=Acc|Gender=Masc|Number=Sing	_	_	_	@gp1992m-words#@gp1992m#8.524#8.848
29	ходишь	ходить	VERB	_	Aspect=Imp|Mood=Ind|Number=Sing|Person=2|Tense=Pres|VerbForm=Fin|Voice=Act	_	_	_	@gp1992m-words#@gp1992m#8.848#9.172
30	рисуешь	рисовать	VERB	_	Aspect=Imp|Mood=Ind|Number=Sing|Person=2|Tense=Pres|VerbForm=Fin|Voice=Act	_	_	_	@gp1992m-words#@gp1992m#9.172#9.5
31	и	и	PART	_	_	_	_	_	@gp1992m-words#@gp1992m#9.5#9.824
32	они	они	PRON	_	Case=Nom|Number=Plur|Person=3	_	_	_	@gp1992m-words#@gp1992m#9.824#10.148
33	такие	такой	DET	_	Case=Nom|Number=Plur	_	_	_	@gp1992m-words#@gp1992m#10.148#10.472
34	типа	типа	PART	_	_	_	_	_	@gp1992m-words#@gp1992m#10.472#10.796
35	/	/	PUNCT	_	_	_	_	_	@gp1992m-words#@gp1992m#10.796#11.12
36	ты	ты	PRON	_	Case=Nom|Number=Sing|Person=2	_	_	_	@gp1992m-words#@gp1992m#11.12#11.444
37	уебан	уебан	NOUN	_	Animacy=Anim|Case=Nom|Gender=Masc|Number=Sing	_	_	_	@gp1992m-words#@gp1992m#11.444#11.768
38	/	/	PUNCT	_	_	_	_	_	@gp1992m-words#@gp1992m#11.768#12.092
39	возможно	возможно	ADV	_	_	_	_	_	@gp1992m-words#@gp1992m#12.092#12.416
40	не	не	PART	_	_	_	_	_	@gp1992m-words#@gp1992m#12.416#12.74
41	поступишь	поступить	VERB	_	Aspect=Perf|Mood=Ind|Number=Sing|Person=2|Tense=Fut|VerbForm=Fin|Voice=Act	_	_	_	@gp1992m-words#@gp1992m#12.74#13.07
42	и	и	PART	_	_	_	_	_	@gp1992m-words#@gp1992m#13.08#13.379
43	ты	ты	PRON	_	Case=Nom|Number=Sing|Person=2	_	_	_	@gp1992m-words#@gp1992m#13.379#13.678
44	такой	такой	DET	_	Case=Nom|Gender=Masc|Number=Sing	_	_	_	@gp1992m-words#@gp1992m#13.678#13.977
45	/	/	PUNCT	_	_	_	_	_	@gp1992m-words#@gp1992m#13.977#14.276
46	ну	ну	PART	_	_	_	_	_	@gp1992m-words#@gp1992m#14.276#14.575
47	я	я	PRON	_	Case=Nom|Number=Sing|Person=1	_	_	_	@gp1992m-words#@gp1992m#14.575#14.874
48	буду	быть	AUX	_	Aspect=Imp|Mood=Ind|Number=Sing|Person=1|Tense=Pres|VerbForm=Fin|Voice=Act	_	_	_	@gp1992m-words#@gp1992m#14.874#15.173
49	стараться	стараться	VERB	_	Aspect=Imp|VerbForm=Inf|Voice=Mid	_	_	_	@gp1992m-words#@gp1992m#15.173#15.472
50	/	/	PUNCT	_	_	_	_	_	@gp1992m-words#@gp1992m#15.472#15.771
51	несешь	нести	VERB	_	Aspect=Imp|Mood=Ind|Number=Sing|Person=2|Tense=Pres|VerbForm=Fin|Voice=Act	_	_	_	@gp1992m-words#@gp1992m#15.771#16.07
52	эти	этот	DET	_	Case=Acc|Number=Plur	_	_	_	@gp1992m-words#@gp1992m#16.07#16.369
53	рулоны	рулон	NOUN	_	Animacy=Inan|Case=Acc|Gender=Masc|Number=Plur	_	_	_	@gp1992m-words#@gp1992m#16.369#16.668
54	ватмана	ватман	NOUN	_	Animacy=Inan|Case=Gen|Gender=Masc|Number=Sing	_	_	_	@gp1992m-words#@gp1992m#16.668#16.967
55	там	там	ADV	_	_	_	_	_	@gp1992m-words#@gp1992m#16.967#17.266
56	типа	типа	PART	_	_	_	_	_	@gp1992m-words#@gp1992m#17.266#17.565
57	на	на	ADP	_	_	_	_	_	@gp1992m-words#@gp1992m#17.565#17.864
58	станцию	станция	NOUN	_	Animacy=Inan|Case=Acc|Gender=Fem|Number=Sing	_	_	_	@gp1992m-words#@gp1992m#17.864#18.163
59	метро	метро	NOUN	_	Animacy=Inan|Case=Gen|Gender=Neut|Number=Sing	_	_	_	@gp1992m-words#@gp1992m#18.163#18.462
60	Мытищенская	Мытищенская	PROPN	_	Animacy=Inan|Case=Nom|Gender=Fem|Number=Sing	_	_	_	@gp1992m-words#@gp1992m#18.462#18.761
61	/	/	PUNCT	_	_	_	_	_	@gp1992m-words#@gp1992m#18.761#19.06
62	эммм	эммм	INTJ	_	_	_	_	_	@gp1992m-words#@gp1992m#19.06#19.359
63	ну	ну	PART	_	_	_	_	_	@gp1992m-words#@gp1992m#19.359#19.658
64	такое	такой	DET	_	Case=Nom|Gender=Neut|Number=Sing	_	_	_	@gp1992m-words#@gp1992m#19.658#19.957
65	знаешь	знать	VERB	_	Aspect=Imp|Mood=Ind|Number=Sing|Person=2|Tense=Pres|VerbForm=Fin|Voice=Act	_	_	_	@gp1992m-words#@gp1992m#19.957#20.26
66	когда	когда	SCONJ	_	_	_	_	_	@gp1992m-words#@gp1992m#20.26#20.518
67	поступал	поступать	VERB	_	Aspect=Imp|Gender=Masc|Mood=Ind|Number=Sing|Tense=Past|VerbForm=Fin|Voice=Act	_	_	_	@gp1992m-words#@gp1992m#20.518#20.776
68	в	в	ADP	_	_	_	_	_	@gp1992m-words#@gp1992m#20.776#21.034
69	московский	московский	ADJ	_	Animacy=Inan|Case=Acc|Degree=Pos|Gender=Masc|Number=Sing	_	_	_	@gp1992m-words#@gp1992m#21.034#21.292
70	вуз	вуз	NOUN	_	Animacy=Inan|Case=Acc|Gender=Masc|Number=Sing	_	_	_	@gp1992m-words#@gp1992m#21.292#21.55
71	а	а	CCONJ	_	_	_	_	_	@gp1992m-words#@gp1992m#21.55#21.808
72	потом	потом	ADV	_	_	_	_	_	@gp1992m-words#@gp1992m#21.808#22.066
73	приезжаешь	приезжать	VERB	_	Aspect=Imp|Mood=Ind|Number=Sing|Person=2|Tense=Pres|VerbForm=Fin|Voice=Act	_	_	_	@gp1992m-words#@gp1992m#22.066#22.324
74	в	в	ADP	_	_	_	_	_	@gp1992m-words#@gp1992m#22.324#22.582
75	Мытищи	Мытищи	PROPN	_	Animacy=Inan|Case=Acc|Gender=Neut|Number=Plur	_	_	_	@gp1992m-words#@gp1992m#22.582#22.84
76	и	и	CCONJ	_	_	_	_	_	@gp1992m-words#@gp1992m#22.84#23.098
77	ты	ты	PRON	_	Case=Nom|Number=Sing|Person=2	_	_	_	@gp1992m-words#@gp1992m#23.098#23.356
78	такой	такой	DET	_	Case=Nom|Gender=Masc|Number=Sing	_	_	_	@gp1992m-words#@gp1992m#23.356#23.614
79	типа	типа	PART	_	_	_	_	_	@gp1992m-words#@gp1992m#23.614#23.872
80	/	/	PUNCT	_	_	_	_	_	@gp1992m-words#@gp1992m#23.872#24.13
81	энауп	энауп	INTJ	_	Foreign=Yes	_	_	_	@gp1992m-words#@gp1992m#24.13#24.39
82	ну	ну	PART	_	_	_	_	_	@gp1992m-words#@gp1992m#24.4#24.703
83	типа	типа	PART	_	_	_	_	_	@gp1992m-words#@gp1992m#24.703#25.006
84	/	/	PUNCT	_	_	_	_	_	@gp1992m-words#@gp1992m#25.006#25.309
85	а	а	CCONJ	_	_	_	_	_	@gp1992m-words#@gp1992m#25.309#25.612
86	можно	можно	PRED	_	_	_	_	_	@gp1992m-words#@gp1992m#25.612#25.915
87	как-то	как-то	SCONJ	_	_	_	_	_	@gp1992m-words#@gp1992m#25.915#26.218
88	/	/	PUNCT	_	_	_	_	_	@gp1992m-words#@gp1992m#26.521#26.824
89	изменить	изменить	VERB	_	Aspect=Perf|VerbForm=Inf|Voice=Act	_	_	_	@gp1992m-words#@gp1992m#26.824#27.127
90	антураж	антураж	NOUN	_	Animacy=Inan|Case=Acc|Gender=Masc|Number=Sing	_	_	_	@gp1992m-words#@gp1992m#27.127#27.43
91	и	и	CCONJ	_	_	_	_	_	@gp1992m-words#@gp1992m#27.43#27.733
92	они	они	PRON	_	Case=Nom|Number=Plur|Person=3	_	_	_	@gp1992m-words#@gp1992m#27.733#28.036
93	такие	такой	DET	_	Case=Nom|Number=Plur	_	_	_	@gp1992m-words#@gp1992m#28.036#28.339
94	нет	нет	PART	_	_	_	_	_	@gp1992m-words#@gp1992m#28.339#28.642
95	ну	но	PART	_	_	_	_	_	@gp1992m-words#@gp1992m#28.642#28.945
96	типа	типа	PART	_	Animacy=Inan|Case=Gen|Gender=Masc|Number=Sing	_	_	_	@gp1992m-words#@gp1992m#28.945#29.248
97	у	у	ADP	_	_	_	_	_	@gp1992m-words#@gp1992m#29.248#29.551
98	нас	мы	PRON	_	Case=Gen|Number=Plur|Person=1	_	_	_	@gp1992m-words#@gp1992m#29.551#29.854
99	художники	художник	NOUN	_	Animacy=Anim|Case=Nom|Gender=Masc|Number=Plur	_	_	_	@gp1992m-words#@gp1992m#29.854#30.157
100	учатся	учиться	VERB	_	Aspect=Imp|Mood=Ind|Number=Plur|Person=3|Tense=Pres|VerbForm=Fin|Voice=Mid	_	_	_	@gp1992m-words#@gp1992m#30.157#30.46
101	в	в	ADP	_	_	_	_	_	@gp1992m-words#@gp1992m#30.46#30.763
102	Мытищах	Мытищи	PROPN	_	Animacy=Inan|Case=Loc|Gender=Neut|Number=Plur	_	_	_	@gp1992m-words#@gp1992m#30.763#31.066
103	и	и	CCONJ	_	_	_	_	_	@gp1992m-words#@gp1992m#31.066#31.369
104	ты	ты	PRON	_	Case=Nom|Number=Sing|Person=2	_	_	_	@gp1992m-words#@gp1992m#31.369#31.672
105	такой	такой	DET	_	Case=Nom|Gender=Masc|Number=Sing	_	_	_	@gp1992m-words#@gp1992m#31.672#31.98
106	и	и	CCONJ	_	_	_	_	_	@gp1992m-words#@gp1992m#33.0#33.317
107	у	у	ADP	_	_	_	_	_	@gp1992m-words#@gp1992m#33.317#33.634
108	нас	мы	PRON	_	Case=Gen|Number=Plur|Person=1	_	_	_	@gp1992m-words#@gp1992m#33.634#33.951
109	скульптура	скульптура	NOUN	_	Animacy=Inan|Case=Nom|Gender=Fem|Number=Sing	_	_	_	@gp1992m-words#@gp1992m#33.951#34.268
110	она	она	PRON	_	Case=Nom|Gender=Fem|Number=Sing|Person=3	_	_	_	@gp1992m-words#@gp1992m#34.268#34.585
111	была	быть	VERB	_	Aspect=Imp|Gender=Fem|Mood=Ind|Number=Sing|Tense=Past|VerbForm=Fin|Voice=Act	_	_	_	@gp1992m-words#@gp1992m#34.585#34.902
112	вообще	вообще	ADV	_	_	_	_	_	@gp1992m-words#@gp1992m#34.902#35.219
113	в	в	ADP	_	_	_	_	_	@gp1992m-words#@gp1992m#35.219#35.536
114	другом	другой	ADJ	_	Case=Loc|Degree=Pos|Gender=Neut|Number=Sing	_	_	_	@gp1992m-words#@gp1992m#35.536#35.853
115	здании	здание	NOUN	_	Animacy=Inan|Case=Loc|Gender=Neut|Number=Sing	_	_	_	@gp1992m-words#@gp1992m#35.853#36.17
116	еще	еще	ADV	_	_	_	_	_	@gp1992m-words#@gp1992m#36.17#36.487
117	на	на	ADP	_	_	_	_	_	@gp1992m-words#@gp1992m#36.487#36.804
118	три	три	NUM	_	Animacy=Inan|Case=Acc	_	_	_	@gp1992m-words#@gp1992m#36.804#37.121
119	станции	станция	NOUN	_	Animacy=Inan|Case=Gen|Gender=Fem|Number=Sing	_	_	_	@gp1992m-words#@gp1992m#37.121#37.438
120	/	/	PUNCT	_	_	_	_	_	@gp1992m-words#@gp1992m#37.438#37.755
121	эээ	эээ	INTJ	_	_	_	_	_	@gp1992m-words#@gp1992m#37.755#38.072
122	/	/	PUNCT	_	_	_	_	_	@gp1992m-words#@gp1992m#38.072#38.389
123	электрички	электричка	NOUN	_	Animacy=Inan|Case=Gen|Gender=Fem|Number=Sing	_	_	_	@gp1992m-words#@gp1992m#38.389#38.706
124	дальше	далеко	ADV	_	Degree=Cmp	_	_	_	@gp1992m-words#@gp1992m#38.706#39.023
125	от	от	ADP	_	_	_	_	_	@gp1992m-words#@gp1992m#39.023#39.34
126	Мытищ	Мытищи	PROPN	_	Animacy=Inan|Case=Gen|Gender=Neut|Number=Sing	_	_	_	@gp1992m-words#@gp1992m#39.34#39.657
127	ну	ну	PART	_	_	_	_	_	@gp1992m-words#@gp1992m#39.657#39.974
128	типа	типа	PART	_	_	_	_	_	@gp1992m-words#@gp1992m#39.974#40.291
129	станция	станция	NOUN	_	Animacy=Inan|Case=Nom|Gender=Fem|Number=Sing	_	_	_	@gp1992m-words#@gp1992m#40.291#40.608
130	метро	метро	NOUN	_	Animacy=Inan|Case=Gen|Gender=Neut|Number=Sing	_	_	_	@gp1992m-words#@gp1992m#40.608#40.925
131	Челюскинская	Челюскинская	PROPN	_	Animacy=Inan|Case=Nom|Gender=Fem|Number=Sing	_	_	_	@gp1992m-words#@gp1992m#40.925#41.242
132	такой	такой	DET	_	Case=Gen|Gender=Fem|Number=Sing	_	_	_	@gp1992m-words#@gp1992m#41.242#41.559
133	/	/	PUNCT	_	_	_	_	_	@gp1992m-words#@gp1992m#41.559#41.876
134	ааа	ааа	INTJ	_	_	_	_	_	@gp1992m-words#@gp1992m#41.876#42.193
135	а	а	INTJ	_	_	_	_	_	@gp1992m-words#@gp1992m#42.193#42.51
136	можно	можно	PRED	_	_	_	_	_	@gp1992m-words#@gp1992m#42.51#42.827
137	еще	еще	ADV	_	_	_	_	_	@gp1992m-words#@gp1992m#42.827#43.144
138	больше	больше	ADV	_	Degree=Cmp	_	_	_	@gp1992m-words#@gp1992m#43.144#43.461
139	в	в	ADP	_	_	_	_	_	@gp1992m-words#@gp1992m#43.461#43.778
140	ебеня	ебеня	NOUN	_	Animacy=Inan|Case=Acc|Gender=Neut|Number=Plur	_	_	_	@gp1992m-words#@gp1992m#43.778#44.095
141	ну	ну	PART	_	_	_	_	_	@gp1992m-words#@gp1992m#44.095#44.412
142	типа	типа	PART	_	_	_	_	_	@gp1992m-words#@gp1992m#44.412#44.729
143	отправлять	отправлять	VERB	_	Aspect=Imp|VerbForm=Inf|Voice=Act	_	_	_	@gp1992m-words#@gp1992m#44.729#45.046
144	нас	мы	PRON	_	Case=Acc|Number=Plur|Person=1	_	_	_	@gp1992m-words#@gp1992m#45.046#45.363
145	ну	ну	PART	_	_	_	_	_	@gp1992m-words#@gp1992m#45.363#45.68
146	ты	ты	PRON	_	Case=Nom|Number=Sing|Person=2	_	_	_	@gp1992m-words#@gp1992m#45.68#45.997
147	просто	просто	PART	_	_	_	_	_	@gp1992m-words#@gp1992m#45.997#46.314
148	выходишь	выходить	VERB	_	Aspect=Imp|Mood=Ind|Number=Sing|Person=2|Tense=Pres|VerbForm=Fin|Voice=Act	_	_	_	@gp1992m-words#@gp1992m#46.314#46.631
149	слева	слева	ADV	_	_	_	_	_	@gp1992m-words#@gp1992m#46.631#46.948
150	сидят	сидеть	VERB	_	Aspect=Imp|Mood=Ind|Number=Plur|Person=3|Tense=Pres|VerbForm=Fin|Voice=Act	_	_	_	@gp1992m-words#@gp1992m#46.948#47.265
151	бомжи	бомж	NOUN	_	Animacy=Anim|Case=Acc|Gender=Masc|Number=Plur	_	_	_	@gp1992m-words#@gp1992m#47.265#47.582
152	у	у	ADP	_	_	_	_	_	@gp1992m-words#@gp1992m#47.582#47.899
153	костра	костер	NOUN	_	Animacy=Inan|Case=Gen|Gender=Masc|Number=Sing	_	_	_	@gp1992m-words#@gp1992m#47.899#48.216
154	и	и	CCONJ	_	_	_	_	_	@gp1992m-words#@gp1992m#48.216#48.533
155	они	они	PRON	_	Case=Nom|Number=Plur|Person=3	_	_	_	@gp1992m-words#@gp1992m#48.533#48.85
156	такие	такой	DET	_	Case=Nom|Number=Plur	_	_	_	@gp1992m-words#@gp1992m#48.85#49.167
157	/	/	PUNCT	_	_	_	_	_	@gp1992m-words#@gp1992m#49.167#49.484
158	студент	студент	NOUN	_	Animacy=Anim|Case=Nom|Gender=Masc|Number=Sing	_	_	_	@gp1992m-words#@gp1992m#49.484#49.801
159	что	что	PRON	_	Case=Nom	_	_	_	@gp1992m-words#@gp1992m#49.801#50.118
160	ли	ли	PART	_	_	_	_	_	@gp1992m-words#@gp1992m#50.118#50.435
161	/	/	PUNCT	_	_	_	_	_	@gp1992m-words#@gp1992m#50.435#50.752
162	ну	ну	PART	_	_	_	_	_	@gp1992m-words#@gp1992m#50.752#51.069
163	тебе	ты	PRON	_	Case=Dat|Number=Sing|Person=2	_	_	_	@gp1992m-words#@gp1992m#51.069#51.386
164	прямо	прямо	ADV	_	Degree=Pos	_	_	_	@gp1992m-words#@gp1992m#51.386#51.703
165	и	и	CCONJ	_	_	_	_	_	@gp1992m-words#@gp1992m#51.703#52.02
166	налево	налево	ADV	_	_	_	_	_	@gp1992m-words#@gp1992m#52.02#52.337
167	/	/	PUNCT	_	_	_	_	_	@gp1992m-words#@gp1992m#52.337#52.654
168	а	а	CCONJ	_	_	_	_	_	@gp1992m-words#@gp1992m#52.654#52.971
169	справа	справа	ADV	_	_	_	_	_	@gp1992m-words#@gp1992m#52.971#53.288
170	чужие	чужой	ADJ	_	Animacy=Inan|Case=Acc|Degree=Pos|Number=Plur	_	_	_	@gp1992m-words#@gp1992m#53.288#53.605
171	дома	дом	NOUN	_	Animacy=Inan|Case=Acc|Gender=Masc|Number=Plur	_	_	_	@gp1992m-words#@gp1992m#53.605#53.922
172	которые	который	PRON	_	Case=Acc	_	_	_	@gp1992m-words#@gp1992m#53.922#54.239
173	пустые	пустой	ADJ	_	Case=Nom|Degree=Pos|Number=Plur	_	_	_	@gp1992m-words#@gp1992m#54.239#54.556
174	типа	типа	PART	_	_	_	_	_	@gp1992m-words#@gp1992m#54.556#54.873
175	туда	туда	ADV	_	_	_	_	_	@gp1992m-words#@gp1992m#54.873#55.19
176	люди	человек	NOUN	_	Animacy=Anim|Case=Nom|Gender=Masc|Number=Plur	_	_	_	@gp1992m-words#@gp1992m#55.19#55.507
177	только	только	PART	_	_	_	_	_	@gp1992m-words#@gp1992m#55.507#55.824
178	летом	лето	NOUN	_	Animacy=Inan|Case=Ins|Gender=Neut|Number=Sing	_	_	_	@gp1992m-words#@gp1992m#55.824#56.141
179	приходят	приходить	VERB	_	Aspect=Imp|Mood=Ind|Number=Plur|Person=3|Tense=Pres|VerbForm=Fin|Voice=Act	_	_	_	@gp1992m-words#@gp1992m#56.141#56.458
180	знаешь	знать	VERB	_	Aspect=Imp|Mood=Ind|Number=Sing|Person=2|Tense=Pres|VerbForm=Fin|Voice=Act	_	_	_	@gp1992m-words#@gp1992m#56.458#56.775
181	такие	такой	DET	_	Case=Acc|Number=Plur	_	_	_	@gp1992m-words#@gp1992m#56.775#57.092
182	типо	типо	NOUN	_	Animacy=Inan|Case=Acc|Gender=Neut|Number=Sing	_	_	_	@gp1992m-words#@gp1992m#57.092#57.409
183	коттедж	коттедж	NOUN	_	Animacy=Inan|Case=Nom|Gender=Masc|Number=Sing	_	_	_	@gp1992m-words#@gp1992m#57.409#57.726
184	/	/	PUNCT	_	_	_	_	_	@gp1992m-words#@gp1992m#57.726#58.043
185	иии	и	CCONJ	_	_	_	_	_	@gp1992m-words#@gp1992m#58.043#58.36
186	ммм	ммv	INTJ	_	_	_	_	_	@gp1992m-words#@gp1992m#58.36#58.677
187	эээ	эээ	INTJ	_	_	_	_	_	@gp1992m-words#@gp1992m#58.677#58.994
188	/	/	PUNCT	_	_	_	_	_	@gp1992m-words#@gp1992m#58.994#59.311
189	типа	типа	PART	_	_	_	_	_	@gp1992m-words#@gp1992m#59.311#59.628
190	лес	лес	NOUN	_	Animacy=Inan|Case=Gen|Gender=Neut|Number=Plur	_	_	_	@gp1992m-words#@gp1992m#59.628#59.945
191	и	и	CCONJ	_	_	_	_	_	@gp1992m-words#@gp1992m#59.945#60.262
192	это	это	PRON	_	Animacy=Inan|Case=Nom|Gender=Neut|Number=Sing	_	_	_	@gp1992m-words#@gp1992m#60.262#60.579
193	станции	станция	NOUN	_	Animacy=Inan|Case=Nom|Gender=Fem|Number=Plur	_	_	_	@gp1992m-words#@gp1992m#60.579#60.896
194	/	/	PUNCT	_	_	_	_	_	@gp1992m-words#@gp1992m#60.896#61.213
195	эээ	эээ	INTJ	_	_	_	_	_	@gp1992m-words#@gp1992m#61.213#61.53
196	железных	железный	ADJ	_	Case=Gen|Degree=Pos|Number=Plur	_	_	_	@gp1992m-words#@gp1992m#61.53#61.847
197	дорог	дорога	NOUN	_	Animacy=Inan|Case=Gen|Gender=Fem|Number=Plur	_	_	_	@gp1992m-words#@gp1992m#61.847#62.164
198	которые	который	PRON	_	Case=Nom	_	_	_	@gp1992m-words#@gp1992m#62.164#62.481
199	типо	типо	ADV	_	_	_	_	_	@gp1992m-words#@gp1992m#62.481#62.798
200	даже	даже	PART	_	_	_	_	_	@gp1992m-words#@gp1992m#62.798#63.115
201	кассы	касса	NOUN	_	Animacy=Inan|Case=Gen|Gender=Fem|Number=Sing	_	_	_	@gp1992m-words#@gp1992m#63.115#63.432
202	нет	нет	PRED	_	_	_	_	_	@gp1992m-words#@gp1992m#63.432#63.749
203	/	/	PUNCT	_	_	_	_	_	@gp1992m-words#@gp1992m#63.749#64.066
204	ну	ну	PART	_	_	_	_	_	@gp1992m-words#@gp1992m#64.066#64.383
205	поняла	понять	VERB	_	Aspect=Perf|Gender=Fem|Mood=Ind|Number=Sing|Tense=Past|VerbForm=Fin|Voice=Act	_	_	_	@gp1992m-words#@gp1992m#64.383#64.7
206	антураж	антураж	NOUN	_	Animacy=Inan|Case=Acc|Gender=Masc|Number=Sing	_	_	_	@gp1992m-words#@gp1992m#64.7#65.017
207	поняла	понять	VERB	_	Aspect=Perf|Gender=Fem|Mood=Ind|Number=Sing|Tense=Past|VerbForm=Fin|Voice=Act	_	_	_	@gp1992m-words#@gp1992m#65.017#65.334
208	да	да	PART	_	_	_	_	_	@gp1992m-words#@gp1992m#65.334#65.651
209	вот	вот	PART	_	_	_	_	_	@gp1992m-words#@gp1992m#65.651#65.98
210	я	я	PRON	_	Case=Nom|Number=Sing|Person=1	_	_	_	@gp1992m-words#@gp1992m#66.88#67.163
211	то	то	PRON	_	Animacy=Inan|Case=Acc|Gender=Neut|Number=Sing	_	_	_	@gp1992m-words#@gp1992m#67.163#67.446
212	поступил	поступить	VERB	_	Aspect=Perf|Gender=Masc|Mood=Ind|Number=Sing|Tense=Past|VerbForm=Fin|Voice=Act	_	_	_	@gp1992m-words#@gp1992m#67.446#67.729
213	/	/	PUNCT	_	_	_	_	_	@gp1992m-words#@gp1992m#67.729#68.012
214	я	я	PRON	_	Case=Nom|Number=Sing|Person=1	_	_	_	@gp1992m-words#@gp1992m#68.012#68.295
215	поступил	поступить	VERB	_	Aspect=Perf|Gender=Masc|Mood=Ind|Number=Sing|Tense=Past|VerbForm=Fin|Voice=Act	_	_	_	@gp1992m-words#@gp1992m#68.295#68.578
216	на	на	ADP	_	_	_	_	_	@gp1992m-words#@gp1992m#68.578#68.861
217	платку	платка	NOUN	_	Animacy=Inan|Case=Acc|Gender=Fem|Number=Sing	_	_	_	@gp1992m-words#@gp1992m#68.861#69.144
218	потому	потому	SCONJ	_	Degree=Pos	_	_	_	@gp1992m-words#@gp1992m#69.144#69.427
219	что	что	SCONJ	_	_	_	_	_	@gp1992m-words#@gp1992m#69.427#69.71
220	родители	родитель	NOUN	_	Animacy=Anim|Case=Nom|Gender=Masc|Number=Plur	_	_	_	@gp1992m-words#@gp1992m#69.71#69.993
221	очень	очень	ADV	_	_	_	_	_	@gp1992m-words#@gp1992m#69.993#70.276
222	хотели	хотеть	VERB	_	Aspect=Imp|Mood=Ind|Number=Plur|Tense=Past|VerbForm=Fin|Voice=Act	_	_	_	@gp1992m-words#@gp1992m#70.276#70.559
223	чтобы	чтобы	SCONJ	_	Mood=Cnd	_	_	_	@gp1992m-words#@gp1992m#70.559#70.842
224	я	я	PRON	_	Case=Nom|Number=Sing|Person=1	_	_	_	@gp1992m-words#@gp1992m#70.842#71.125
225	был	быть	AUX	_	Aspect=Imp|Gender=Masc|Mood=Ind|Number=Sing|Tense=Past|VerbForm=Fin|Voice=Act	_	_	_	@gp1992m-words#@gp1992m#71.125#71.408
226	программистом	программист	NOUN	_	Animacy=Anim|Case=Ins|Gender=Masc|Number=Sing	_	_	_	@gp1992m-words#@gp1992m#71.408#71.691
227	и	и	CCONJ	_	_	_	_	_	@gp1992m-words#@gp1992m#71.691#71.974
228	я	я	PRON	_	Case=Nom|Number=Sing|Person=1	_	_	_	@gp1992m-words#@gp1992m#71.974#72.257
229	такой	такой	DET	_	Case=Ins|Gender=Fem|Number=Sing	_	_	_	@gp1992m-words#@gp1992m#72.257#72.54
230	/	/	PUNCT	_	_	_	_	_	@gp1992m-words#@gp1992m#72.54#72.823
231	ааа	ааа	INTJ	_	_	_	_	_	@gp1992m-words#@gp1992m#72.823#73.106
232	/	/	PUNCT	_	_	_	_	_	@gp1992m-words#@gp1992m#73.106#73.389
233	ну	ну	PART	_	_	_	_	_	@gp1992m-words#@gp1992m#73.389#73.672
234	я	я	PRON	_	Case=Nom|Number=Sing|Person=1	_	_	_	@gp1992m-words#@gp1992m#73.672#73.955
235	не	не	PART	_	_	_	_	_	@gp1992m-words#@gp1992m#73.955#74.238
236	умею	уметь	VERB	_	Aspect=Imp|Mood=Ind|Number=Sing|Person=1|Tense=Pres|VerbForm=Fin|Voice=Act	_	_	_	@gp1992m-words#@gp1992m#74.238#74.521
237	считать	считать	VERB	_	Aspect=Imp|VerbForm=Inf|Voice=Act	_	_	_	@gp1992m-words#@gp1992m#74.521#74.804
238	и	и	CCONJ	_	_	_	_	_	@gp1992m-words#@gp1992m#74.804#75.087
239	не	не	PART	_	_	_	_	_	@gp1992m-words#@gp1992m#75.087#75.37
240	разбираюсь	разбираться	VERB	_	Aspect=Imp|Mood=Ind|Number=Sing|Person=1|Tense=Pres|VerbForm=Fin|Voice=Mid	_	_	_	@gp1992m-words#@gp1992m#75.37#75.653
241	ни	ни	PART	_	_	_	_	_	@gp1992m-words#@gp1992m#75.653#75.936
242	в	в	ADP	_	_	_	_	_	@gp1992m-words#@gp1992m#75.936#76.219
243	чем	что	PRON	_	Case=Loc	_	_	_	@gp1992m-words#@gp1992m#76.219#76.502
244	кроме	кроме	ADP	_	_	_	_	_	@gp1992m-words#@gp1992m#76.502#76.785
245	эээ	эээ	INTJ	_	_	_	_	_	@gp1992m-words#@gp1992m#76.785#77.068
246	как	как	SCONJ	_	_	_	_	_	@gp1992m-words#@gp1992m#77.068#77.351
247	сделать	делать	VERB	_	Aspect=Perf|VerbForm=Inf|Voice=Act	_	_	_	@gp1992m-words#@gp1992m#77.351#77.634
248	ааа	ааа	INTJ	_	_	_	_	_	@gp1992m-words#@gp1992m#77.634#77.917
249	в	в	ADP	_	_	_	_	_	@gp1992m-words#@gp1992m#77.917#78.2
250	гта	гта	NOUN	_	Animacy=Inan|Case=Acc|Gender=Masc|Number=Sing	_	_	_	@gp1992m-words#@gp1992m#78.2#78.483
251	код	код	NOUN	_	Animacy=Inan|Case=Acc|Gender=Masc|Number=Sing	_	_	_	@gp1992m-words#@gp1992m#78.483#78.766
252	с	с	ADP	_	_	_	_	_	@gp1992m-words#@gp1992m#78.766#79.049
253	шлюхами	шлюха	NOUN	_	Animacy=Anim|Case=Ins|Gender=Fem|Number=Plur	_	_	_	@gp1992m-words#@gp1992m#79.049#79.332
254	и	и	CCONJ	_	_	_	_	_	@gp1992m-words#@gp1992m#79.332#79.615
255	собрать	собрать	VERB	_	Aspect=Perf|VerbForm=Inf|Voice=Act	_	_	_	@gp1992m-words#@gp1992m#79.615#79.898
256	красивый	красивый	ADJ	_	Animacy=Inan|Case=Acc|Degree=Pos|Gender=Masc|Number=Sing	_	_	_	@gp1992m-words#@gp1992m#79.898#80.181
257	дом	дом	NOUN	_	Animacy=Inan|Case=Acc|Gender=Masc|Number=Sing	_	_	_	@gp1992m-words#@gp1992m#80.181#80.464
258	в	в	ADP	_	_	_	_	_	@gp1992m-words#@gp1992m#80.464#80.747
259	симс	симс	NOUN	_	Animacy=Inan|Case=Acc|Gender=Neut|Number=Sing	_	_	_	@gp1992m-words#@gp1992m#80.747#81.03
260	два	два	NUM	_	Case=Nom|Gender=Neut	_	_	_	@gp1992m-words#@gp1992m#81.03#81.313
261	/	/	PUNCT	_	_	_	_	_	@gp1992m-words#@gp1992m#81.313#81.596
262	и	и	CCONJ	_	_	_	_	_	@gp1992m-words#@gp1992m#81.596#81.879
263	он	он	PRON	_	Case=Nom|Gender=Masc|Number=Sing|Person=3	_	_	_	@gp1992m-words#@gp1992m#81.879#82.162
264	такие	такой	DET	_	Case=Acc|Number=Plur	_	_	_	@gp1992m-words#@gp1992m#82.162#82.445
265	супер	супер	NOUN	_	Animacy=Inan|Case=Acc|Gender=Masc|Number=Sing	_	_	_	@gp1992m-words#@gp1992m#82.445#82.728
266	вы	вы	PRON	_	Case=Nom|Number=Plur|Person=2	_	_	_	@gp1992m-words#@gp1992m#82.728#83.011
267	нам	мы	PRON	_	Case=Dat|Number=Plur|Person=1	_	_	_	@gp1992m-words#@gp1992m#83.011#83.294
268	подходите	подходить	VERB	_	Aspect=Imp|Mood=Ind|Number=Plur|Person=2|Tense=Pres|VerbForm=Fin|Voice=Act	_	_	_	@gp1992m-words#@gp1992m#83.294#83.577
269	вы	вы	PRON	_	Case=Nom|Number=Plur|Person=2	_	_	_	@gp1992m-words#@gp1992m#83.577#83.86
270	будете	быть	AUX	_	Aspect=Imp|Mood=Ind|Number=Plur|Person=2|Tense=Pres|VerbForm=Fin|Voice=Act	_	_	_	@gp1992m-words#@gp1992m#83.86#84.143
271	программистом	программист	NOUN	_	Animacy=Anim|Case=Ins|Gender=Masc|Number=Sing	_	_	_	@gp1992m-words#@gp1992m#84.143#84.426
272	/	/	PUNCT	_	_	_	_	_	@gp1992m-words#@gp1992m#84.426#84.709
273	и	и	CCONJ	_	_	_	_	_	@gp1992m-words#@gp1992m#84.709#84.992
274	я	я	PRON	_	Case=Nom|Number=Sing|Person=1	_	_	_	@gp1992m-words#@gp1992m#84.992#85.275
275	такой	такой	DET	_	Case=Acc|Gender=Masc|Number=Sing	_	_	_	@gp1992m-words#@gp1992m#85.275#85.558
276	мам-пап	мама-папа	NOUN	_	Animacy=Anim|Case=Voc|Number=Plur	_	_	_	@gp1992m-words#@gp1992m#85.558#85.841
277	можно	можно	PRED	_	_	_	_	_	@gp1992m-words#@gp1992m#85.841#86.124
278	нет	нет	PART	_	_	_	_	_	@gp1992m-words#@gp1992m#86.124#86.407
279	/	/	PUNCT	_	_	_	_	_	@gp1992m-words#@gp1992m#86.407#86.69
280	и	и	CCONJ	_	_	_	_	_	@gp1992m-words#@gp1992m#86.69#86.973
281	они	они	PRON	_	Case=Nom|Number=Plur|Person=3	_	_	_	@gp1992m-words#@gp1992m#86.973#87.256
282	такие	такой	DET	_	Case=Nom|Number=Plur	_	_	_	@gp1992m-words#@gp1992m#87.256#87.539
283	/	/	PUNCT	_	_	_	_	_	@gp1992m-words#@gp1992m#87.539#87.822
284	ну	ну	PART	_	_	_	_	_	@gp1992m-words#@gp1992m#87.822#88.105
285	давай	давать	VERB	_	Aspect=Imp|Mood=Imp|Number=Sing|Person=2|VerbForm=Fin|Voice=Act	_	_	_	@gp1992m-words#@gp1992m#88.105#88.388
286	/	/	PUNCT	_	_	_	_	_	@gp1992m-words#@gp1992m#88.388#88.671
287	надо	надо	ADV	_	_	_	_	_	@gp1992m-words#@gp1992m#88.671#88.98
288	век	век	NOUN	_	Animacy=Inan|Case=Acc|Gender=Masc|Number=Sing	_	_	_	@gp1992m-words#@gp1992m#90.0#90.5
289	технологий	технология	NOUN	_	Animacy=Inan|Case=Gen|Gender=Fem|Number=Plur	_	_	_	@gp1992m-words#@gp1992m#90.5#91.0
290	они	они	PRON	_	Case=Nom|Number=Plur|Person=3	_	_	_	@gp1992m-words#@gp1992m#91.2#91.454
291	отнеслись	отнестись	VERB	_	Aspect=Perf|Mood=Ind|Number=Plur|Tense=Past|VerbForm=Fin|Voice=Mid	_	_	_	@gp1992m-words#@gp1992m#91.454#91.708
292	к	к	ADP	_	_	_	_	_	@gp1992m-words#@gp1992m#91.708#91.962
293	тому	то	PRON	_	Animacy=Inan|Case=Dat|Gender=Neut|Number=Sing	_	_	_	@gp1992m-words#@gp1992m#91.962#92.216
294	что	что	SCONJ	_	_	_	_	_	@gp1992m-words#@gp1992m#92.216#92.47
295	век	век	NOUN	_	Animacy=Inan|Case=Nom|Gender=Masc|Number=Sing	_	_	_	@gp1992m-words#@gp1992m#92.47#92.724
296	технологий	технология	NOUN	_	Animacy=Inan|Case=Gen|Gender=Fem|Number=Plur	_	_	_	@gp1992m-words#@gp1992m#92.724#92.98
297	просто	просто	PART	_	_	_	_	_	@gp1992m-words#@gp1992m#95.0#95.275
298	я	я	PRON	_	Case=Nom|Number=Sing|Person=1	_	_	_	@gp1992m-words#@gp1992m#95.275#95.55
299	поставил	ставить	VERB	_	Aspect=Perf|Gender=Masc|Mood=Ind|Number=Sing|Tense=Past|VerbForm=Fin|Voice=Act	_	_	_	@gp1992m-words#@gp1992m#95.55#95.825
300	ультиматум	ультиматум	NOUN	_	Animacy=Inan|Case=Acc|Gender=Masc|Number=Sing	_	_	_	@gp1992m-words#@gp1992m#95.825#96.1
301	я	я	PRON	_	Case=Nom|Number=Sing|Person=1	_	_	_	@gp1992m-words#@gp1992m#96.1#96.375
302	сказал	сказать	VERB	_	Aspect=Perf|Gender=Masc|Mood=Ind|Number=Sing|Tense=Past|VerbForm=Fin|Voice=Act	_	_	_	@gp1992m-words#@gp1992m#96.375#96.65
303	что	что	SCONJ	_	_	_	_	_	@gp1992m-words#@gp1992m#96.65#96.925
304	/	/	PUNCT	_	_	_	_	_	@gp1992m-words#@gp1992m#96.925#97.2
305	эээ	эээ	NOUN	_	Animacy=Inan|Case=Nom|Gender=Neut|Number=Sing	_	_	_	@gp1992m-words#@gp1992m#97.2#97.475
306	ребят	ребята	NOUN	_	Animacy=Anim|Case=Gen|Gender=Neut|Number=Plur	_	_	_	@gp1992m-words#@gp1992m#97.475#97.75
307	ну	ну	PART	_	_	_	_	_	@gp1992m-words#@gp1992m#97.75#98.025
308	типо	типо	ADV	_	_	_	_	_	@gp1992m-words#@gp1992m#98.025#98.3
309	/	/	PUNCT	_	_	_	_	_	@gp1992m-words#@gp1992m#98.3#98.575
310	окей	окей	NOUN	_	Animacy=Inan|Case=Ins|Gender=Fem|Number=Sing	_	_	_	@gp1992m-words#@gp1992m#98.575#98.85
311	вы	вы	PRON	_	Case=Nom|Number=Plur|Person=2	_	_	_	@gp1992m-words#@gp1992m#98.85#99.125
312	отправляете	отправлять	VERB	_	Aspect=Imp|Mood=Ind|Number=Plur|Person=2|Tense=Pres|VerbForm=Fin|Voice=Act	_	_	_	@gp1992m-words#@gp1992m#99.125#99.4
313	меня	я	PRON	_	Case=Acc|Number=Sing|Person=1	_	_	_	@gp1992m-words#@gp1992m#99.4#99.675
314	на	на	ADP	_	_	_	_	_	@gp1992m-words#@gp1992m#99.675#99.95
315	будни	буднь	NUM	_	Animacy=Inan|Case=Acc	_	_	_	@gp1992m-words#@gp1992m#99.95#100.225
316	учиться	учиться	VERB	_	Aspect=Imp|VerbForm=Inf|Voice=Mid	_	_	_	@gp1992m-words#@gp1992m#100.225#100.5
317	информатиком	информатик	NOUN	_	Animacy=Anim|Case=Ins|Gender=Masc	_	_	_	@gp1992m-words#@gp1992m#100.5#100.775
318	мне	я	PRON	_	Case=Dat|Number=Sing|Person=1	_	_	_	@gp1992m-words#@gp1992m#100.775#101.05
319	это	это	PRON	_	Animacy=Inan|Case=Nom|Gender=Neut|Number=Sing	_	_	_	@gp1992m-words#@gp1992m#101.05#101.325
320	не	не	PART	_	_	_	_	_	@gp1992m-words#@gp1992m#101.325#101.6
321	интересно	интересный	ADJ	_	Degree=Pos|Gender=Neut|Number=Sing|Variant=Short	_	_	_	@gp1992m-words#@gp1992m#101.6#101.875
322	/	/	PUNCT	_	_	_	_	_	@gp1992m-words#@gp1992m#101.875#102.15
323	я	я	PRON	_	Case=Nom|Number=Sing|Person=1	_	_	_	@gp1992m-words#@gp1992m#102.15#102.425
324	туда	туда	ADV	_	_	_	_	_	@gp1992m-words#@gp1992m#102.425#102.7
325	поступаю	поступать	VERB	_	Aspect=Imp|Mood=Ind|Number=Sing|Person=1|Tense=Pres|VerbForm=Fin|Voice=Act	_	_	_	@gp1992m-words#@gp1992m#102.7#102.975
326	но	но	CCONJ	_	_	_	_	_	@gp1992m-words#@gp1992m#102.975#103.25
327	/	/	PUNCT	_	_	_	_	_	@gp1992m-words#@gp1992m#103.25#103.525
328	в	в	ADP	_	_	_	_	_	@gp1992m-words#@gp1992m#103.525#103.8
329	выходные	выходной	NOUN	_	Animacy=Inan|Case=Acc|Gender=Masc|Number=Plur	_	_	_	@gp1992m-words#@gp1992m#103.8#104.075
330	я	я	PRON	_	Case=Nom|Number=Sing|Person=1	_	_	_	@gp1992m-words#@gp1992m#104.075#104.35
331	учусь	учуться	VERB	_	Aspect=Perf|Mood=Ind|Number=Sing|Person=1|Tense=Fut|VerbForm=Fin|Voice=Mid	_	_	_	@gp1992m-words#@gp1992m#104.35#104.625
332	во	в	ADP	_	_	_	_	_	@gp1992m-words#@gp1992m#104.625#104.9
333	втором	второй	ADJ	_	Case=Loc|Degree=Pos|Gender=Masc|Number=Sing	_	_	_	@gp1992m-words#@gp1992m#104.9#105.175
334	вузе	вуз	NOUN	_	Animacy=Inan|Case=Loc|Gender=Masc|Number=Sing	_	_	_	@gp1992m-words#@gp1992m#105.175#105.45
335	на	на	ADP	_	_	_	_	_	@gp1992m-words#@gp1992m#105.45#105.725
336	художника	художник	NOUN	_	Animacy=Anim|Case=Acc|Gender=Masc|Number=Sing	_	_	_	@gp1992m-words#@gp1992m#105.725#106.0
337	/	/	PUNCT	_	_	_	_	_	@gp1992m-words#@gp1992m#106.0#106.275
338	и	и	CCONJ	_	_	_	_	_	@gp1992m-words#@gp1992m#106.275#106.55
339	они	они	PRON	_	Case=Nom|Number=Plur|Person=3	_	_	_	@gp1992m-words#@gp1992m#106.55#106.825
340	такие	такой	DET	_	Case=Nom|Number=Plur	_	_	_	@gp1992m-words#@gp1992m#106.825#107.1
341	/	/	PUNCT	_	_	_	_	_	@gp1992m-words#@gp1992m#107.1#107.375
342	ну	ну	PART	_	_	_	_	_	@gp1992m-words#@gp1992m#107.375#107.65
343	ладно	ладно	PART	_	_	_	_	_	@gp1992m-words#@gp1992m#107.65#107.925
344	/	/	PUNCT	_	_	_	_	_	@gp1992m-words#@gp1992m#107.925#108.2
345	и	и	PART	_	_	_	_	_	@gp1992m-words#@gp1992m#108.2#108.475
346	я	я	PRON	_	Case=Nom|Number=Sing|Person=1	_	_	_	@gp1992m-words#@gp1992m#108.475#108.75
347	такой	такой	DET	_	Case=Nom|Gender=Masc|Number=Sing	_	_	_	@gp1992m-words#@gp1992m#108.75#109.05
348	да	да	PART	_	_	_	_	_	@gp1992m-words#@gp1992m#110.65#110.939
349	два	два	NUM	_	Animacy=Inan|Case=Acc|Gender=Masc	_	_	_	@gp1992m-words#@gp1992m#110.939#111.228
350	года	год	NOUN	_	Animacy=Inan|Case=Gen|Gender=Masc|Number=Sing	_	_	_	@gp1992m-words#@gp1992m#111.228#111.517
351	я	я	PRON	_	Case=Nom|Number=Sing|Person=1	_	_	_	@gp1992m-words#@gp1992m#111.517#111.806
352	учился	учиться	VERB	_	Aspect=Imp|Gender=Masc|Mood=Ind|Number=Sing|Tense=Past|VerbForm=Fin|Voice=Mid	_	_	_	@gp1992m-words#@gp1992m#111.806#112.095
353	в	в	ADP	_	_	_	_	_	@gp1992m-words#@gp1992m#112.095#112.384
354	двух	два	NUM	_	Case=Loc	_	_	_	@gp1992m-words#@gp1992m#112.384#112.673
355	вузах	вуз	NOUN	_	Animacy=Inan|Case=Loc|Gender=Masc|Number=Plur	_	_	_	@gp1992m-words#@gp1992m#112.673#112.962
356	одновременно	одновременно	ADV	_	_	_	_	_	@gp1992m-words#@gp1992m#112.962#113.251
357	/	/	PUNCT	_	_	_	_	_	@gp1992m-words#@gp1992m#113.251#113.54
358	мне	я	PRON	_	Case=Dat|Number=Sing|Person=1	_	_	_	@gp1992m-words#@gp1992m#113.54#113.829
359	очень	очень	ADV	_	_	_	_	_	@gp1992m-words#@gp1992m#113.829#114.118
360	нравилось	нравиться	VERB	_	Aspect=Imp|Gender=Neut|Mood=Ind|Number=Sing|Tense=Past|VerbForm=Fin|Voice=Mid	_	_	_	@gp1992m-words#@gp1992m#114.118#114.407
361	как	как	SCONJ	_	_	_	_	_	@gp1992m-words#@gp1992m#114.407#114.696
362	ныли	ныть	VERB	_	Aspect=Imp|Mood=Ind|Number=Plur|Tense=Past|VerbForm=Fin|Voice=Act	_	_	_	@gp1992m-words#@gp1992m#114.696#114.985
363	мои	мой	DET	_	Case=Nom|Number=Plur	_	_	_	@gp1992m-words#@gp1992m#114.985#115.274
364	одноклассники	одноклассник	NOUN	_	Animacy=Anim|Case=Nom|Gender=Masc|Number=Plur	_	_	_	@gp1992m-words#@gp1992m#115.274#115.563
365	такие	такой	DET	_	Case=Nom|Number=Plur	_	_	_	@gp1992m-words#@gp1992m#115.563#115.852
366	/	/	PUNCT	_	_	_	_	_	@gp1992m-words#@gp1992m#115.852#116.141
367	эх	эx	INTJ	_	_	_	_	_	@gp1992m-words#@gp1992m#116.141#116.43
368	бля	бля	INTJ	_	_	_	_	_	@gp1992m-words#@gp1992m#116.43#116.719
369	только	только	PART	_	_	_	_	_	@gp1992m-words#@gp1992m#116.719#117.008
370	завтра	завтра	ADV	_	_	_	_	_	@gp1992m-words#@gp1992m#117.008#117.297
371	суббота	суббота	NOUN	_	Animacy=Inan|Case=Nom|Gender=Fem|Number=Sing	_	_	_	@gp1992m-words#@gp1992m#117.297#117.586
372	я	я	PRON	_	Case=Nom|Number=Sing|Person=1	_	_	_	@gp1992m-words#@gp1992m#117.586#117.875
373	так	так	ADV	_	_	_	_	_	@gp1992m-words#@gp1992m#117.875#118.164
374	устала	устать	VERB	_	Aspect=Perf|Gender=Fem|Mood=Ind|Number=Sing|Tense=Past|VerbForm=Fin|Voice=Act	_	_	_	@gp1992m-words#@gp1992m#118.164#118.453
375	/	/	PUNCT	_	_	_	_	_	@gp1992m-words#@gp1992m#118.453#118.742
376	а	а	CCONJ	_	_	_	_	_	@gp1992m-words#@gp1992m#118.742#119.031
377	у	у	ADP	_	_	_	_	_	@gp1992m-words#@gp1992m#119.031#119.32
378	меня	я	PRON	_	Case=Gen|Number=Sing|Person=1	_	_	_	@gp1992m-words#@gp1992m#119.32#119.609
379	вообще	вообще	ADV	_	_	_	_	_	@gp1992m-words#@gp1992m#119.609#119.898
380	не	не	PART	_	_	_	_	_	@gp1992m-words#@gp1992m#119.898#120.187
381	было	быть	VERB	_	Aspect=Imp|Gender=Neut|Mood=Ind|Number=Sing|Tense=Past|VerbForm=Fin|Voice=Act	_	_	_	@gp1992m-words#@gp1992m#120.187#120.476
382	выходных	выходной	NOUN	_	Animacy=Inan|Case=Loc|Gender=Masc|Number=Plur	_	_	_	@gp1992m-words#@gp1992m#120.476#120.765
383	и	и	CCONJ	_	_	_	_	_	@gp1992m-words#@gp1992m#120.765#121.054
384	в	в	ADP	_	_	_	_	_	@gp1992m-words#@gp1992m#121.054#121.343
385	понедельник	понедельник	NOUN	_	Animacy=Inan|Case=Acc|Gender=Masc|Number=Sing	_	_	_	@gp1992m-words#@gp1992m#121.343#121.632
386	на	на	ADP	_	_	_	_	_	@gp1992m-words#@gp1992m#121.632#121.921
387	первой	первый	ADJ	_	Case=Loc|Degree=Pos|Gender=Fem|Number=Sing	_	_	_	@gp1992m-words#@gp1992m#121.921#122.21
388	паре	пара	NOUN	_	Animacy=Inan|Case=Loc|Gender=Fem|Number=Sing	_	_	_	@gp1992m-words#@gp1992m#122.21#122.499
389	я	я	PRON	_	Case=Nom|Number=Sing|Person=1	_	_	_	@gp1992m-words#@gp1992m#122.499#122.788
390	прям	прямо	PART	_	_	_	_	_	@gp1992m-words#@gp1992m#122.788#123.077
391	как	как	SCONJ	_	_	_	_	_	@gp1992m-words#@gp1992m#123.077#123.366
392	щас	сейчас	ADV	_	_	_	_	_	@gp1992m-words#@gp1992m#123.366#123.655
393	помню	помнить	VERB	_	Aspect=Imp|Mood=Ind|Number=Sing|Person=1|Tense=Pres|VerbForm=Fin|Voice=Act	_	_	_	@gp1992m-words#@gp1992m#123.655#123.944
394	по	по	ADP	_	_	_	_	_	@gp1992m-words#@gp1992m#123.944#124.233
395	психологии	психология	NOUN	_	Animacy=Inan|Case=Dat|Gender=Fem|Number=Sing	_	_	_	@gp1992m-words#@gp1992m#124.233#124.522
396	или	или	CCONJ	_	_	_	_	_	@gp1992m-words#@gp1992m#124.522#124.811
397	социологии	социология	NOUN	_	Animacy=Inan|Case=Dat|Gender=Fem|Number=Sing	_	_	_	@gp1992m-words#@gp1992m#124.811#125.1
398	/	/	PUNCT	_	_	_	_	_	@gp1992m-words#@gp1992m#125.1#125.389
399	что-то	что-то	SCONJ	_	_	_	_	_	@gp1992m-words#@gp1992m#125.389#125.678
400	вот	вот	PART	_	_	_	_	_	@gp1992m-words#@gp1992m#125.967#126.256
401	такое	такой	DET	_	Case=Nom|Gender=Neut|Number=Sing	_	_	_	@gp1992m-words#@gp1992m#126.256#126.545
402	замудренное	замудренный	ADJ	_	Case=Nom|Degree=Pos|Gender=Neut|Number=Sing	_	_	_	@gp1992m-words#@gp1992m#126.545#126.834
403	и	и	CCONJ	_	_	_	_	_	@gp1992m-words#@gp1992m#126.834#127.123
404	я	я	PRON	_	Case=Nom|Number=Sing|Person=1	_	_	_	@gp1992m-words#@gp1992m#127.123#127.412
405	просто	просто	PART	_	_	_	_	_	@gp1992m-words#@gp1992m#127.412#127.701
406	первые	первый	ADJ	_	Animacy=Inan|Case=Acc|Degree=Pos|Number=Plur	_	_	_	@gp1992m-words#@gp1992m#127.701#127.99
407	две	два	NUM	_	Animacy=Inan|Case=Acc|Gender=Fem	_	_	_	@gp1992m-words#@gp1992m#127.99#128.279
408	пары	пара	NOUN	_	Animacy=Inan|Case=Gen|Gender=Fem|Number=Sing	_	_	_	@gp1992m-words#@gp1992m#128.279#128.568
409	спал	спать	VERB	_	Aspect=Imp|Gender=Masc|Mood=Ind|Number=Sing|Tense=Past|VerbForm=Fin|Voice=Act	_	_	_	@gp1992m-words#@gp1992m#128.568#128.857
410	а	а	CCONJ	_	_	_	_	_	@gp1992m-words#@gp1992m#128.857#129.146
411	на	на	ADP	_	_	_	_	_	@gp1992m-words#@gp1992m#129.146#129.435
412	третьей	третий	ADJ	_	Case=Loc|Degree=Pos|Gender=Fem|Number=Sing	_	_	_	@gp1992m-words#@gp1992m#129.435#129.724
413	паре	пара	NOUN	_	Animacy=Inan|Case=Loc|Gender=Fem|Number=Sing	_	_	_	@gp1992m-words#@gp1992m#129.724#130.013
414	я	я	PRON	_	Case=Nom|Number=Sing|Person=1	_	_	_	@gp1992m-words#@gp1992m#130.013#130.302
415	сидел	сидеть	VERB	_	Aspect=Imp|Gender=Masc|Mood=Ind|Number=Sing|Tense=Past|VerbForm=Fin|Voice=Act	_	_	_	@gp1992m-words#@gp1992m#130.302#130.591
416	и	и	CCONJ	_	_	_	_	_	@gp1992m-words#@gp1992m#130.591#130.88
417	делал	делать	VERB	_	Aspect=Imp|Gender=Masc|Mood=Ind|Number=Sing|Tense=Past|VerbForm=Fin|Voice=Act	_	_	_	@gp1992m-words#@gp1992m#130.88#131.169
418	/	/	PUNCT	_	_	_	_	_	@gp1992m-words#@gp1992m#131.169#131.458
419	эээ	эээ	INTJ	_	_	_	_	_	@gp1992m-words#@gp1992m#131.458#131.747
420	/	/	PUNCT	_	_	_	_	_	@gp1992m-words#@gp1992m#131.747#132.036
421	домашнее	домашний	ADJ	_	Case=Acc|Degree=Pos|Gender=Neut|Number=Sing	_	_	_	@gp1992m-words#@gp1992m#132.036#132.325
422	задание	задание	NOUN	_	Animacy=Inan|Case=Acc|Gender=Neut|Number=Sing	_	_	_	@gp1992m-words#@gp1992m#132.325#132.614
423	композиция	композиция	NOUN	_	Animacy=Inan|Case=Nom|Gender=Fem|Number=Sing	_	_	_	@gp1992m-words#@gp1992m#132.614#132.903
424	потому	потому	CCONJ	_	_	_	_	_	@gp1992m-words#@gp1992m#132.903#133.192
425	что	что	SCONJ	_	_	_	_	_	@gp1992m-words#@gp1992m#133.192#133.481
426	я	я	PRON	_	Case=Nom|Number=Sing|Person=1	_	_	_	@gp1992m-words#@gp1992m#133.481#133.77
427	просто	просто	PART	_	_	_	_	_	@gp1992m-words#@gp1992m#133.77#134.059
428	не	не	PART	_	_	_	_	_	@gp1992m-words#@gp1992m#134.059#134.348
429	успевал	успевать	VERB	_	Aspect=Imp|Gender=Masc|Mood=Ind|Number=Sing|Tense=Past|VerbForm=Fin|Voice=Act	_	_	_	@gp1992m-words#@gp1992m#134.348#134.637
430	/	/	PUNCT	_	_	_	_	_	@gp1992m-words#@gp1992m#134.637#134.926
431	а	а	CCONJ	_	_	_	_	_	@gp1992m-words#@gp1992m#134.926#135.215
432	все	весь	DET	_	Case=Acc|Gender=Neut|Number=Sing	_	_	_	@gp1992m-words#@gp1992m#135.215#135.504
433	остальное	остальной	ADJ	_	Case=Acc|Gender=Neut|Number=Sing	_	_	_	@gp1992m-words#@gp1992m#135.504#135.793
434	время	время	NOUN	_	Animacy=Inan|Case=Acc|Gender=Neut|Number=Sing	_	_	_	@gp1992m-words#@gp1992m#135.793#136.082
435	в	в	ADP	_	_	_	_	_	@gp1992m-words#@gp1992m#136.082#136.371
436	электричке	электричка	NOUN	_	Animacy=Inan|Case=Loc|Gender=Masc|Number=Sing	_	_	_	@gp1992m-words#@gp1992m#136.371#136.66
437	делал	делать	VERB	_	Aspect=Imp|Gender=Masc|Mood=Ind|Number=Sing|Tense=Past|VerbForm=Fin|Voice=Act	_	_	_	@gp1992m-words#@gp1992m#136.66#136.949
438	кучу	куча	NOUN	_	Animacy=Inan|Case=Acc|Gender=Fem|Number=Sing	_	_	_	@gp1992m-words#@gp1992m#136.949#137.238
439	там	там	ADV	_	_	_	_	_	@gp1992m-words#@gp1992m#137.238#137.527
440	типо	типый	ADP	_	_	_	_	_	@gp1992m-words#@gp1992m#137.527#137.816
441	домашки	домашка	NOUN	_	Animacy=Inan|Case=Gen|Gender=Fem|Number=Sing	_	_	_	@gp1992m-words#@gp1992m#137.816#138.12
442	высшая	высший	ADJ	_	Case=Nom|Degree=Sup|Gender=Fem|Number=Sing	_	_	_	@gp1992m-words#@gp1992m#138.35#139.13
443	математика	математика	NOUN	_	Animacy=Inan|Case=Nom|Gender=Fem|Number=Sing	_	_	_	@gp1992m-words#@gp1992m#139.13#139.91
444	нет	нет	PART	_	_	_	_	_	@gp1992m-words#@gp1992m#143.74#144.039
445	я	я	PRON	_	Case=Nom|Number=Sing|Person=1	_	_	_	@gp1992m-words#@gp1992m#144.039#144.338
446	не	не	PART	_	_	_	_	_	@gp1992m-words#@gp1992m#144.338#144.637
447	доучился	доучиться	VERB	_	Aspect=Perf|Gender=Masc|Mood=Ind|Number=Sing|Tense=Past|VerbForm=Fin|Voice=Mid	_	_	_	@gp1992m-words#@gp1992m#144.637#144.936
448	/	/	PUNCT	_	_	_	_	_	@gp1992m-words#@gp1992m#144.936#145.235
449	эээ	эээ	INTJ	_	_	_	_	_	@gp1992m-words#@gp1992m#145.235#145.534
450	/	/	PUNCT	_	_	_	_	_	@gp1992m-words#@gp1992m#145.534#145.833
451	я	я	PRON	_	Case=Nom|Number=Sing|Person=1	_	_	_	@gp1992m-words#@gp1992m#145.833#146.132
452	бросил	бросить	VERB	_	Aspect=Perf|Gender=Masc|Mood=Ind|Number=Sing|Tense=Past|VerbForm=Fin|Voice=Act	_	_	_	@gp1992m-words#@gp1992m#146.132#146.431
453	в	в	ADP	_	_	_	_	_	@gp1992m-words#@gp1992m#146.431#146.73
454	итоге	итог	NOUN	_	Animacy=Inan|Case=Loc|Gender=Masc|Number=Sing	_	_	_	@gp1992m-words#@gp1992m#146.73#147.029
455	оба	оба	NUM	_	Case=Nom|Gender=Masc	_	_	_	@gp1992m-words#@gp1992m#147.029#147.328
456	вуза	вуз	NOUN	_	Animacy=Inan|Case=Gen|Gender=Masc|Number=Sing	_	_	_	@gp1992m-words#@gp1992m#147.328#147.63
457	они	они	PRON	_	Case=Nom|Number=Plur|Person=3	_	_	_	@gp1992m-words#@gp1992m#149.51#149.808
458	такие	такой	DET	_	Case=Nom|Number=Plur	_	_	_	@gp1992m-words#@gp1992m#149.808#150.106
459	/	/	PUNCT	_	_	_	_	_	@gp1992m-words#@gp1992m#150.106#150.404
460	эээ	эээ	INTJ	_	_	_	_	_	@gp1992m-words#@gp1992m#150.404#150.702
461	/	/	PUNCT	_	_	_	_	_	@gp1992m-words#@gp1992m#150.702#151.0
462	а	а	CCONJ	_	_	_	_	_	@gp1992m-words#@gp1992m#151.0#151.298
463	можно	можно	PRED	_	_	_	_	_	@gp1992m-words#@gp1992m#151.298#151.596
464	менее	менее	ADV	_	Degree=Cmp	_	_	_	@gp1992m-words#@gp1992m#151.596#151.894
465	хуевого	хуевый	ADJ	_	Case=Gen|Degree=Pos|Gender=Masc|Number=Sing	_	_	_	@gp1992m-words#@gp1992m#151.894#152.192
466	сына	сына	NOUN	_	Animacy=Anim|Case=Gen|Gender=Masc|Number=Sing   _	_	_	_	@gp1992m-words#@gp1992m#152.192#152.49
467	/	/	PUNCT	_	_	_	_	_	@gp1992m-words#@gp1992m#152.49#152.788
468	и	и	CCONJ	_	_	_	_	_	@gp1992m-words#@gp1992m#152.788#153.086
469	я	я	PRON	_	Case=Nom|Number=Sing|Person=1	_	_	_	@gp1992m-words#@gp1992m#153.086#153.384
470	такой	такой	DET	_	Case=Acc|Gender=Masc|Number=Sing	_	_	_	@gp1992m-words#@gp1992m#153.384#153.682
471	/	/	PUNCT	_	_	_	_	_	@gp1992m-words#@gp1992m#153.682#153.98
472	возможно	возможный	ADV	_	Degree=Pos	_	_	_	@gp1992m-words#@gp1992m#153.98#154.278
473	нет	нет	PART	_	_	_	_	_	@gp1992m-words#@gp1992m#154.278#154.576
474	/	/	PUNCT	_	_	_	_	_	@gp1992m-words#@gp1992m#154.576#154.874
475	я	я	PRON	_	Case=Nom|Number=Sing|Person=1	_	_	_	@gp1992m-words#@gp1992m#154.874#155.172
476	говорю	говорить	VERB	_	Aspect=Imp|Mood=Ind|Number=Sing|Person=1|Tense=Pres|VerbForm=Fin|Voice=Act	_	_	_	@gp1992m-words#@gp1992m#155.172#155.47
477	придется	прийтись	VERB	_	Aspect=Perf|Mood=Ind|Number=Sing|Person=3|Tense=Fut|VerbForm=Fin|Voice=Mid	_	_	_	@gp1992m-words#@gp1992m#155.47#155.768
478	смириться	смириться	VERB	_	Aspect=Perf|VerbForm=Inf|Voice=Mid	_	_	_	@gp1992m-words#@gp1992m#155.768#156.08
479	я	я	PRON	_	Case=Nom|Number=Sing|Person=1	_	_	_	@gp1992m-words#@gp1992m#156.51#156.821
480	бросил	бросить	VERB	_	Aspect=Perf|Gender=Masc|Mood=Ind|Number=Sing|Tense=Past|VerbForm=Fin|Voice=Act	_	_	_	@gp1992m-words#@gp1992m#156.821#157.132
481	во	в	ADP	_	_	_	_	_	@gp1992m-words#@gp1992m#157.132#157.443
482	втором	второй	ADJ	_	Case=Loc|Degree=Pos|Gender=Masc|Number=Sing	_	_	_	@gp1992m-words#@gp1992m#157.443#157.754
483	курсе	курс	NOUN	_	Animacy=Inan|Case=Loc|Gender=Masc|Number=Sing	_	_	_	@gp1992m-words#@gp1992m#157.754#158.065
484	информационный	информационный	ADJ	_	Case=Nom|Degree=Pos|Gender=Masc|Number=Sing	_	_	_	@gp1992m-words#@gp1992m#158.065#158.376
485	и	и	CCONJ	_	_	_	_	_	@gp1992m-words#@gp1992m#158.376#158.687
486	доучился	доучиться	VERB	_	Aspect=Perf|Gender=Masc|Mood=Ind|Number=Sing|Tense=Past|VerbForm=Fin|Voice=Mid	_	_	_	@gp1992m-words#@gp1992m#158.687#158.998
487	до	до	ADP	_	_	_	_	_	@gp1992m-words#@gp1992m#158.998#159.309
488	четвертого	четвертый	ADJ	_	Case=Gen|Degree=Pos|Gender=Masc|Number=Sing	_	_	_	@gp1992m-words#@gp1992m#159.309#159.62
489	курса	курс	NOUN	_	Animacy=Inan|Case=Gen|Gender=Masc|Number=Sing	_	_	_	@gp1992m-words#@gp1992m#159.62#159.931
490	на	на	ADP	_	_	_	_	_	@gp1992m-words#@gp1992m#159.931#160.242
491	художественный	художественный	ADJ	_	Animacy=Inan|Case=Acc|Degree=Pos|Gender=Masc|Number=Sing	_	_	_	@gp1992m-words#@gp1992m#160.242#160.553
492	/	/	PUNCT	_	_	_	_	_	@gp1992m-words#@gp1992m#160.553#160.864
493	но	но	CCONJ	_	_	_	_	_	@gp1992m-words#@gp1992m#160.864#161.175
494	с	с	ADP	_	_	_	_	_	@gp1992m-words#@gp1992m#161.175#161.486
495	третьего	третий	ADJ	_	Case=Gen|Degree=Pos|Gender=Masc|Number=Sing	_	_	_	@gp1992m-words#@gp1992m#161.486#161.797
496	курса	курс	NOUN	_	Animacy=Inan|Case=Gen|Gender=Masc|Number=Sing	_	_	_	@gp1992m-words#@gp1992m#161.797#162.108
497	я	я	PRON	_	Case=Nom|Number=Sing|Person=1	_	_	_	@gp1992m-words#@gp1992m#162.108#162.419
498	начал	начать	VERB	_	Aspect=Perf|Gender=Masc|Mood=Ind|Number=Sing|Tense=Past|VerbForm=Fin|Voice=Act	_	_	_	@gp1992m-words#@gp1992m#162.419#162.73
499	работать	работать	VERB	_	Aspect=Imp|VerbForm=Inf|Voice=Act	_	_	_	@gp1992m-words#@gp1992m#162.73#163.041
500	/	/	PUNCT	_	_	_	_	_	@gp1992m-words#@gp1992m#163.041#163.352
501	и	и	CCONJ	_	_	_	_	_	@gp1992m-words#@gp1992m#163.352#163.663
502	у	у	ADP	_	_	_	_	_	@gp1992m-words#@gp1992m#163.663#163.974
503	меня	я	PRON	_	Case=Gen|Number=Sing|Person=1	_	_	_	@gp1992m-words#@gp1992m#163.974#164.285
504	начало	начать	VERB	_	Aspect=Perf|Gender=Neut|Mood=Ind|Number=Sing|Tense=Past|VerbForm=Fin|Voice=Act	_	_	_	@gp1992m-words#@gp1992m#164.285#164.596
505	появляться	появляться	VERB	_	Aspect=Imp|VerbForm=Inf|Voice=Mid	_	_	_	@gp1992m-words#@gp1992m#164.596#164.907
506	много	много	ADV	_	Degree=Pos	_	_	_	@gp1992m-words#@gp1992m#164.907#165.218
507	разной	разный	ADJ	_	Case=Gen|Gender=Fem|Number=Sing	_	_	_	@gp1992m-words#@gp1992m#165.218#165.529
508	работы	работа	NOUN	_	Animacy=Inan|Case=Gen|Gender=Fem|Number=Sing	_	_	_	@gp1992m-words#@gp1992m#165.529#165.84
509	и	и	CCONJ	_	_	_	_	_	@gp1992m-words#@gp1992m#165.84#166.151
510	в	в	ADP	_	_	_	_	_	@gp1992m-words#@gp1992m#166.151#166.462
511	какой-то	какой-то	DET	_	Case=Acc|Gender=Masc|Number=Sing	_	_	_	@gp1992m-words#@gp1992m#166.462#166.773
512	момент	момент	NOUN	_	Animacy=Inan|Case=Nom|Gender=Masc|Number=Sing	_	_	_	@gp1992m-words#@gp1992m#167.084#167.395
513	когда	когда	SCONJ	_	_	_	_	_	@gp1992m-words#@gp1992m#167.395#167.706
514	я	я	PRON	_	Case=Nom|Number=Sing|Person=1	_	_	_	@gp1992m-words#@gp1992m#167.706#168.017
515	пришел	прийти	VERB	_	Aspect=Perf|Gender=Masc|Mood=Ind|Number=Sing|Tense=Past|VerbForm=Fin|Voice=Act	_	_	_	@gp1992m-words#@gp1992m#168.017#168.328
516	в	в	ADP	_	_	_	_	_	@gp1992m-words#@gp1992m#168.328#168.639
517	вуз	вуз	NOUN	_	Animacy=Inan|Case=Acc|Gender=Masc|Number=Sing	_	_	_	@gp1992m-words#@gp1992m#168.639#168.95
518	ко	к	ADP	_	_	_	_	_	@gp1992m-words#@gp1992m#168.95#169.261
519	мне	я	PRON	_	Case=Dat|Number=Sing|Person=1	_	_	_	@gp1992m-words#@gp1992m#169.261#169.572
520	подходит	подходить	VERB	_	Aspect=Imp|Mood=Ind|Number=Sing|Person=3|Tense=Pres|VerbForm=Fin|Voice=Act	_	_	_	@gp1992m-words#@gp1992m#169.572#169.883
521	преподавательница	преподавательница	NOUN	_	Animacy=Anim|Case=Nom|Gender=Fem|Number=Sing	_	_	_	@gp1992m-words#@gp1992m#169.883#170.194
522	и	и	CCONJ	_	_	_	_	_	@gp1992m-words#@gp1992m#170.194#170.505
523	такая	такой	DET	_	Case=Nom|Gender=Fem|Number=Sing	_	_	_	@gp1992m-words#@gp1992m#170.505#170.816
524	/	/	PUNCT	_	_	_	_	_	@gp1992m-words#@gp1992m#170.816#171.127
525	а	а	CCONJ	_	_	_	_	_	@gp1992m-words#@gp1992m#171.127#171.438
526	выыы	вы	PRON	_	Case=Nom|Gender=Neut|Number=Plur	_	_	_	@gp1992m-words#@gp1992m#171.438#171.749
527	были	быть	VERB	_	Aspect=Imp|Mood=Ind|Number=Plur|Tense=Past|VerbForm=Fin|Voice=Act	_	_	_	@gp1992m-words#@gp1992m#171.749#172.06
528	у	у	ADP	_	_	_	_	_	@gp1992m-words#@gp1992m#172.06#172.371
529	меня	я	PRON	_	Case=Gen|Number=Sing|Person=1	_	_	_	@gp1992m-words#@gp1992m#172.371#172.682
530	на	на	ADP	_	_	_	_	_	@gp1992m-words#@gp1992m#172.682#172.993
531	живописи	живопись	NOUN	_	Animacy=Inan|Case=Gen|Gender=Fem|Number=Sing _  _  _	_	_	_	@gp1992m-words#@gp1992m#173.304#173.615
532	да	да	PART	_	_	_	_	_	@gp1992m-words#@gp1992m#173.615#173.926
533	конечно	конечно	ADV	_	_	_	_	_	@gp1992m-words#@gp1992m#173.926#174.237
534	вы	вы	PRON	_	Case=Nom|Number=Plur|Person=2	_	_	_	@gp1992m-words#@gp1992m#174.237#174.548
535	мне	я	PRON	_	Case=Dat|Number=Sing|Person=1	_	_	_	@gp1992m-words#@gp1992m#174.548#174.859
536	четыре	четыре	NUM	_	Case=Nom	_	_	_	@gp1992m-words#@gp1992m#174.859#175.17
537	ставили	ставить	VERB	_	Aspect=Perf|Mood=Ind|Number=Plur|Tense=Past|VerbForm=Fin|Voice=Act	_	_	_	@gp1992m-words#@gp1992m#175.17#175.481
538	/	/	PUNCT	_	_	_	_	_	@gp1992m-words#@gp1992m#175.481#175.792
539	и	и	CCONJ	_	_	_	_	_	@gp1992m-words#@gp1992m#175.792#176.103
540	она	она	PRON	_	Case=Nom|Gender=Fem|Number=Sing|Person=3	_	_	_	@gp1992m-words#@gp1992m#176.103#176.414
541	такая	такой	DET	_	Case=Nom|Gender=Fem|Number=Sing	_	_	_	@gp1992m-words#@gp1992m#176.414#176.725
542	хорошо	хорошо	ADV	_	Degree=Pos	_	_	_	@gp1992m-words#@gp1992m#176.725#177.036
543	я	я	PRON	_	Case=Nom|Number=Sing|Person=1	_	_	_	@gp1992m-words#@gp1992m#177.036#177.347
544	щас	сейчас	ADV	_	_	_	_	_	@gp1992m-words#@gp1992m#177.347#177.658
545	напишу	писать	VERB	_	Aspect=Perf|Mood=Ind|Number=Sing|Person=1|Tense=Fut|VerbForm=Fin|Voice=Act	_	_	_	@gp1992m-words#@gp1992m#177.658#177.969
546	в	в	ADP	_	_	_	_	_	@gp1992m-words#@gp1992m#177.969#178.28
547	зачетку	зачетка	NOUN	_	Animacy=Inan|Case=Acc|Gender=Fem|Number=Sing	_	_	_	@gp1992m-words#@gp1992m#178.28#178.591
548	/	/	PUNCT	_	_	_	_	_	@gp1992m-words#@gp1992m#178.591#178.902
549	и	и	CCONJ	_	_	_	_	_	@gp1992m-words#@gp1992m#178.902#179.213
550	я	я	PRON	_	Case=Nom|Number=Sing|Person=1	_	_	_	@gp1992m-words#@gp1992m#179.213#179.524
551	такой	такой	DET	_	Case=Nom|Gender=Masc|Number=Sing	_	_	_	@gp1992m-words#@gp1992m#179.524#179.835
552	но	но	CCONJ	_	_	_	_	_	@gp1992m-words#@gp1992m#179.835#180.146
553	ей	она	PRON	_	Case=Dat|Gender=Fem|Number=Sing|Person=3	_	_	_	@gp1992m-words#@gp1992m#180.146#180.457
554	похуй	похуй	ADV	_	_	_	_	_	@gp1992m-words#@gp1992m#180.457#180.768
555	я	я	PRON	_	Case=Nom|Number=Sing|Person=1	_	_	_	@gp1992m-words#@gp1992m#180.768#181.079
556	вообще	вообще	ADV	_	_	_	_	_	@gp1992m-words#@gp1992m#181.079#181.39
557	-	-	PUNCT	_	_	_	_	_	@gp1992m-words#@gp1992m#181.079#181.40
558	то	то	PRON	_	Animacy=Inan|Case=Acc|Gender=Neut|Number=Sing	_	_	_	@gp1992m-words#@gp1992m#181.39#181.701
559	не	не	PART	_	_	_	_	_	@gp1992m-words#@gp1992m#181.701#182.012
560	ходил	ходить	VERB	_	Aspect=Imp|Gender=Masc|Mood=Ind|Number=Sing|Tense=Past|VerbForm=Fin|Voice=Act	_	_	_	@gp1992m-words#@gp1992m#182.012#182.323
561	на	на	ADP	_	_	_	_	_	@gp1992m-words#@gp1992m#182.323#182.634
562	занятия	занятие	NOUN	_	Animacy=Inan|Case=Acc|Gender=Neut|Number=Plur	_	_	_	@gp1992m-words#@gp1992m#182.634#182.945
563	а	а	CCONJ	_	_	_	_	_	@gp1992m-words#@gp1992m#182.945#183.256
564	она	она	PRON	_	Case=Nom|Gender=Fem|Number=Sing|Person=3	_	_	_	@gp1992m-words#@gp1992m#183.256#183.567
565	мне	я	PRON	_	Case=Dat|Number=Sing|Person=1	_	_	_	@gp1992m-words#@gp1992m#183.567#183.878
566	просто	просто	PART	_	_	_	_	_	@gp1992m-words#@gp1992m#183.878#184.189
567	так	так	ADV	_	_	_	_	_	@gp1992m-words#@gp1992m#184.189#184.5
568	поставила	ставить	VERB	_	Aspect=Perf|Gender=Fem|Mood=Ind|Number=Sing|Tense=Past|VerbForm=Fin|Voice=Act	_	_	_	@gp1992m-words#@gp1992m#184.5#184.811
569	четыре	четыре	NUM	_	Case=Nom	_	_	_	@gp1992m-words#@gp1992m#184.811#185.14
570	по-моему	по-моему	ADV	_	_	_	_	_	@gp1992m-words#@gp1992m#185.57#185.832
571	этому	этот	DET	_	Case=Dat|Gender=Masc|Number=Sing	_	_	_	@gp1992m-words#@gp1992m#186.094#186.356
572	вузу	вуз	NOUN	_	Animacy=Inan|Case=Dat|Gender=Masc|Number=Sing	_	_	_	@gp1992m-words#@gp1992m#186.356#186.618
573	похуй	похуй	ADV	_	_	_	_	_	@gp1992m-words#@gp1992m#186.618#186.88
574	на	на	ADP	_	_	_	_	_	@gp1992m-words#@gp1992m#186.88#187.142
575	меня	я	PRON	_	Case=Acc|Number=Sing|Person=1	_	_	_	@gp1992m-words#@gp1992m#187.142#187.404
576	и	и	CCONJ	_	_	_	_	_	@gp1992m-words#@gp1992m#187.404#187.666
577	ну	ну	PART	_	_	_	_	_	@gp1992m-words#@gp1992m#187.666#187.928
578	типа	типа	PART	_	_	_	_	_	@gp1992m-words#@gp1992m#187.928#188.19
579	и	и	CCONJ	_	_	_	_	_	@gp1992m-words#@gp1992m#188.56#188.808
580	меня	я	PRON	_	Case=Acc|Number=Sing|Person=1	_	_	_	@gp1992m-words#@gp1992m#188.808#189.056
581	убил	убить	VERB	_	Aspect=Perf|Gender=Masc|Mood=Ind|Number=Sing|Tense=Past|VerbForm=Fin|Voice=Act	_	_	_	@gp1992m-words#@gp1992m#189.056#189.304
582	инцидент	инцидент	NOUN	_	Animacy=Inan|Case=Acc|Gender=Masc|Number=Sing	_	_	_	@gp1992m-words#@gp1992m#189.304#189.552
583	когда	когда	SCONJ	_	_	_	_	_	@gp1992m-words#@gp1992m#189.552#189.8
584	я	я	PRON	_	Case=Nom|Number=Sing|Person=1	_	_	_	@gp1992m-words#@gp1992m#189.8#190.048
585	пришел	прийти	VERB	_	Aspect=Perf|Gender=Masc|Mood=Ind|Number=Sing|Tense=Past|VerbForm=Fin|Voice=Act	_	_	_	@gp1992m-words#@gp1992m#190.048#190.296
586	к	к	ADP	_	_	_	_	_	@gp1992m-words#@gp1992m#190.296#190.544
587	преподавателю	преподаватель	NOUN	_	Animacy=Anim|Case=Dat|Gender=Masc|Number=Sing	_	_	_	@gp1992m-words#@gp1992m#190.544#190.792
588	по	по	ADP	_	_	_	_	_	@gp1992m-words#@gp1992m#190.792#191.04
589	композиции	композиция	NOUN	_	Animacy=Inan|Case=Dat|Gender=Fem|Number=Sing	_	_	_	@gp1992m-words#@gp1992m#191.04#191.288
590	и	и	CCONJ	_	_	_	_	_	@gp1992m-words#@gp1992m#191.288#191.536
591	говорю	говорить	NOUN	_	Animacy=Inan|Case=Dat|Gender=Neut|Number=Sing	_	_	_	@gp1992m-words#@gp1992m#191.536#191.784
592	/	/	PUNCT	_	_	_	_	_	@gp1992m-words#@gp1992m#191.784#192.032
593	слушайте	слушать	VERB	_	Aspect=Imp|Mood=Imp|Number=Plur|Person=2|VerbForm=Fin|Voice=Act	_	_	_	@gp1992m-words#@gp1992m#192.032#192.28
594	я	я	PRON	_	Case=Nom|Number=Sing|Person=1	_	_	_	@gp1992m-words#@gp1992m#192.28#192.528
595	вот	вот	PART	_	_	_	_	_	@gp1992m-words#@gp1992m#192.528#192.776
596	сделал	делать	VERB	_	Aspect=Perf|Gender=Masc|Mood=Ind|Number=Sing|Tense=Past|VerbForm=Fin|Voice=Act	_	_	_	@gp1992m-words#@gp1992m#192.776#193.024
597	композицию	композиция	NOUN	_	Animacy=Inan|Case=Acc|Gender=Fem|Number=Sing	_	_	_	@gp1992m-words#@gp1992m#193.024#193.272
598	шесть	шесть	NUM	_	Case=Acc	_	_	_	@gp1992m-words#@gp1992m#193.272#193.52
599	человек	человек	NOUN	_	Animacy=Anim|Case=Nom|Gender=Masc|Number=Sing	_	_	_	@gp1992m-words#@gp1992m#193.52#193.768
600	ну	ну	PART	_	_	_	_	_	@gp1992m-words#@gp1992m#193.768#194.016
601	типо	типо	ADP	_	_	_	_	_	@gp1992m-words#@gp1992m#194.016#194.264
602	морской	морской	ADJ	_	Animacy=Inan|Case=Acc|Degree=Pos|Gender=Masc|Number=Sing	_	_	_	@gp1992m-words#@gp1992m#194.264#194.512
603	прибой	прибой	NOUN	_	Animacy=Inan|Case=Acc|Gender=Masc|Number=Sing	_	_	_	@gp1992m-words#@gp1992m#194.512#194.76
604	там	там	ADV	_	_	_	_	_	@gp1992m-words#@gp1992m#194.76#195.008
605	типо	типа	PART	_	Degree=Pos|Gender=Neut|Number=Sing|Variant=Short	_	_	_	@gp1992m-words#@gp1992m#195.008#195.256
606	/	/	PUNCT	_	_	_	_	_	@gp1992m-words#@gp1992m#195.256#195.504
607	тут	тут	ADV	_	_	_	_	_	@gp1992m-words#@gp1992m#195.504#195.752
608	спереди	спереди	ADP	_	_	_	_	_	@gp1992m-words#@gp1992m#195.752#196.0
609	русалки	русалка	NOUN	_	Animacy=Inan|Case=Gen|Gender=Fem|Number=Sing	_	_	_	@gp1992m-words#@gp1992m#196.0#196.248
610	ляляля	ляляля	INTJ	_	_	_	_	_	@gp1992m-words#@gp1992m#196.248#196.496
611	пятое-десятое	пятый-десятый	ADJ	_	Case=Acc|Degree=Pos|Gender=Neut|Number=Sing	_	_	_	@gp1992m-words#@gp1992m#196.496#196.744
612	но	но	CCONJ	_	_	_	_	_	@gp1992m-words#@gp1992m#196.744#196.992
613	я	я	PRON	_	Case=Nom|Number=Sing|Person=1	_	_	_	@gp1992m-words#@gp1992m#196.992#197.24
614	знаю	знать	VERB	_	Aspect=Imp|Mood=Ind|Number=Sing|Person=1|Tense=Pres|VerbForm=Fin|Voice=Act	_	_	_	@gp1992m-words#@gp1992m#197.24#197.488
615	что	что	PRON	_	Case=Acc	_	_	_	@gp1992m-words#@gp1992m#197.488#197.736
616	вы	вы	PRON	_	Case=Nom|Number=Plur|Person=2	_	_	_	@gp1992m-words#@gp1992m#197.736#197.984
617	очень	очень	ADV	_	_	_	_	_	@gp1992m-words#@gp1992m#197.984#198.232
618	серьезно	серьезно	ADV	_	Degree=Pos	_	_	_	@gp1992m-words#@gp1992m#198.232#198.48
619	относитесь	относиться	VERB	_	Aspect=Imp|Mood=Ind|Number=Plur|Person=2|Tense=Pres|VerbForm=Fin|Voice=Mid	_	_	_	@gp1992m-words#@gp1992m#198.48#198.728
620	к	к	ADP	_	_	_	_	_	@gp1992m-words#@gp1992m#198.728#198.976
621	русалкам	русалка	NOUN	_	Animacy=Anim|Case=Dat|Gender=Fem|Number=Plur	_	_	_	@gp1992m-words#@gp1992m#198.976#199.224
622	/	/	PUNCT	_	_	_	_	_	@gp1992m-words#@gp1992m#199.224#199.472
623	ну	ну	PART	_	_	_	_	_	@gp1992m-words#@gp1992m#199.472#199.72
624	типо	типа	PART	_	_	_	_	_	@gp1992m-words#@gp1992m#199.72#199.968
625	хвостов	хвост	NOUN	_	Animacy=Inan|Case=Gen|Gender=Masc|Number=Plur	_	_	_	@gp1992m-words#@gp1992m#199.968#200.216
626	не	не	PART	_	_	_	_	_	@gp1992m-words#@gp1992m#200.216#200.464
627	будет	быть	AUX	_	Aspect=Imp|Mood=Ind|Number=Sing|Person=3|Tense=Pres|VerbForm=Fin|Voice=Act	_	_	_	@gp1992m-words#@gp1992m#200.464#200.712
628	видно	видно	ADV	_	Degree=Pos	_	_	_	@gp1992m-words#@gp1992m#200.712#200.96
629	/	/	PUNCT	_	_	_	_	_	@gp1992m-words#@gp1992m#200.96#201.208
630	это	это	PRON	_	Animacy=Inan|Case=Acc|Gender=Neut|Number=Sing	_	_	_	@gp1992m-words#@gp1992m#201.208#201.456
631	просто	просто	PART	_	_	_	_	_	@gp1992m-words#@gp1992m#201.456#201.704
632	будут	быть	AUX	_	Aspect=Imp|Mood=Ind|Number=Plur|Person=3|Tense=Pres|VerbForm=Fin|Voice=Act	_	_	_	@gp1992m-words#@gp1992m#201.704#201.952
633	бабы	бабы	NOUN	_	Animacy=Anim|Case=Nom|Gender=Fem|Number=Plur	_	_	_	@gp1992m-words#@gp1992m#201.952#202.2
634	в	в	ADP	_	_	_	_	_	@gp1992m-words#@gp1992m#202.2#202.448
635	воде	вода	NOUN	_	Animacy=Inan|Case=Loc|Gender=Fem|Number=Sing	_	_	_	@gp1992m-words#@gp1992m#202.448#202.75
636	он	он	PRON	_	Case=Nom|Gender=Masc|Number=Sing|Person=3	_	_	_	@gp1992m-words#@gp1992m#203.03#203.229
637	такой	такой	DET	_	Case=Nom|Gender=Masc|Number=Sing	_	_	_	@gp1992m-words#@gp1992m#203.229#203.428
638	/	/	PUNCT	_	_	_	_	_	@gp1992m-words#@gp1992m#203.428#203.627
639	не	не	PART	_	_	_	_	_	@gp1992m-words#@gp1992m#203.627#203.826
640	/	/	PUNCT	_	_	_	_	_	@gp1992m-words#@gp1992m#203.826#204.025
641	все	весь	DET	_	Case=Nom|Gender=Neut|Number=Sing	_	_	_	@gp1992m-words#@gp1992m#204.025#204.224
642	это	это	PRON	_	Animacy=Inan|Case=Nom|Gender=Neut|Number=Sing	_	_	_	@gp1992m-words#@gp1992m#204.224#204.423
643	очень	очень	ADV	_	_	_	_	_	@gp1992m-words#@gp1992m#204.423#204.622
644	сложно	сложный	ADJ	_	Degree=Pos|Gender=Neut|Number=Sing|Variant=Short	_	_	_	@gp1992m-words#@gp1992m#204.622#204.821
645	и	и	CCONJ	_	_	_	_	_	@gp1992m-words#@gp1992m#204.821#205.02
646	вообще	вообще	ADV	_	_	_	_	_	@gp1992m-words#@gp1992m#205.02#205.219
647	вот	вот	PART	_	_	_	_	_	@gp1992m-words#@gp1992m#205.219#205.418
648	эти	этот	DET	_	Case=Nom|Number=Plur	_	_	_	@gp1992m-words#@gp1992m#205.418#205.617
649	всем	весь	DET	_	Case=Dat|Number=Plur	_	_	_	@gp1992m-words#@gp1992m#205.617#205.816
650	ваши	ваш	DET	_	Case=Acc|Number=Plur	_	_	_	@gp1992m-words#@gp1992m#205.816#206.015
651	лесбиянки	лесбиянка	NOUN	_	Animacy=Anim|Case=Nom|Gender=Fem|Number=Plur	_	_	_	@gp1992m-words#@gp1992m#206.015#206.214
652	вот	вот	PART	_	_	_	_	_	@gp1992m-words#@gp1992m#206.214#206.413
653	это	это	PRON	_	Animacy=Inan|Case=Nom|Gender=Neut|Number=Sing	_	_	_	@gp1992m-words#@gp1992m#206.413#206.612
654	все	весь	DET	_	Case=Nom|Gender=Neut|Number=Sing	_	_	_	@gp1992m-words#@gp1992m#206.612#206.811
655	не	не	PART	_	_	_	_	_	@gp1992m-words#@gp1992m#206.811#207.01
656	надо	надо	ADV	_	_	_	_	_	@gp1992m-words#@gp1992m#207.01#207.22
657	оставьте	оставить	VERB	_	Aspect=Perf|Mood=Imp|Number=Plur|Person=2|VerbForm=Fin|Voice=Act	_	_	_	@gp1992m-words#@gp1992m#207.79#208.196
658	это	это	PRON	_	Animacy=Inan|Case=Acc|Gender=Neut|Number=Sing	_	_	_	@gp1992m-words#@gp1992m#208.196#208.602
659	себе	себя	PRON	_	Case=Dat	_	_	_	@gp1992m-words#@gp1992m#208.602#209.01
660	да	да	PART	_	_	_	_	_	@gp1992m-words#@gp1992m#209.01#209.213
661	да	да	PART	_	_	_	_	_	@gp1992m-words#@gp1992m#209.213#209.416
662	да	да	PART	_	_	_	_	_	@gp1992m-words#@gp1992m#209.416#209.62
663	оставьте	оставить	VERB	_	Aspect=Perf|Mood=Imp|Number=Plur|Person=2|VerbForm=Fin|Voice=Act	_	_	_	@gp1992m-words#@gp1992m#209.62#209.82
664	вот	вот	PART	_	_	_	_	_	@gp1992m-words#@gp1992m#209.82#210.02
665	это	это	PRON	_	Animacy=Inan|Case=Nom|Gender=Neut|Number=Sing	_	_	_	@gp1992m-words#@gp1992m#210.02#210.22
666	все	весь	DET	_	Case=Nom|Gender=Neut|Number=Sing	_	_	_	@gp1992m-words#@gp1992m#210.22#210.42
667	себе	себя	PRON	_	Case=Dat	_	_	_	@gp1992m-words#@gp1992m#210.42#210.62
668	давайте	давать	VERB	_	Aspect=Imp|Mood=Imp|Number=Plur|Person=2|VerbForm=Fin|Voice=Act	_	_	_	@gp1992m-words#@gp1992m#210.65#210.983
669	сделаем	сделать	VERB	_	Aspect=Perf|Mood=Ind|Number=Plur|Person=1|Tense=Fut|VerbForm=Fin|Voice=Act	_	_	_	@gp1992m-words#@gp1992m#210.983#211.316
670	люди	человек	NOUN	_	Animacy=Anim|Case=Nom|Gender=Masc|Number=Plur	_	_	_	@gp1992m-words#@gp1992m#211.316#211.65
671	хоровод	хоровод	NOUN	_	Animacy=Inan|Case=Nom|Gender=Masc|Number=Sing	_	_	_	@gp1992m-words#@gp1992m#211.66#212.35
672	масленица	масленица	NOUN	_	Animacy=Inan|Case=Nom|Gender=Fem|Number=Sing	_	_	_	@gp1992m-words#@gp1992m#212.35#213.09
673	я	я	PRON	_	Case=Nom|Number=Sing|Person=1	_	_	_	@gp1992m-words#@gp1992m#213.1#213.463
674	говорю	говорить	VERB	_	Aspect=Imp|Mood=Ind|Number=Sing|Person=1|Tense=Pres|VerbForm=Fin|Voice=Act	_	_	_	@gp1992m-words#@gp1992m#213.463#213.826
675	/	/	PUNCT	_	_	_	_	_	@gp1992m-words#@gp1992m#213.826#214.189
676	задание	задание	NOUN	_	Animacy=Inan|Case=Nom|Gender=Neut|Number=Sing	_	_	_	@gp1992m-words#@gp1992m#214.189#214.552
677	ну	ну	PART	_	_	_	_	_	@gp1992m-words#@gp1992m#214.552#214.915
678	типо	типа	PART	_	_	_	_	_	@gp1992m-words#@gp1992m#214.915#215.278
679	сгруппировать	сгруппировать	VERB	_	Aspect=Perf|VerbForm=Inf|Voice=Act	_	_	_	@gp1992m-words#@gp1992m#215.278#215.641
680	шесть-восемь	шесть-восемь	NUM	_	Case=Acc	_	_	_	@gp1992m-words#@gp1992m#215.641#216.004
681	-	-	PUNCT	_	_	_	_	_	@gp1992m-words#@gp1992m#215.641#216.005
682	восемь	восемь	NUM	_	Case=Acc	_	_	_	@gp1992m-words#@gp1992m#215.641#216.006
683	человек	человек	NOUN	_	Animacy=Anim|Case=Gen|Gender=Masc|Number=Plur	_	_	_	@gp1992m-words#@gp1992m#216.004#216.367
684	на	на	ADP	_	_	_	_	_	@gp1992m-words#@gp1992m#216.367#216.73
685	какую-то	какой-то	DET	_	Case=Acc|Gender=Masc|Number=Sing	_	_	_	@gp1992m-words#@gp1992m#216.73#217.093
686	тематику	тематика	NOUN	_	Animacy=Inan|Case=Acc|Gender=Fem|Number=Sing	_	_	_	@gp1992m-words#@gp1992m#217.456#217.819
687	/	/	PUNCT	_	_	_	_	_	@gp1992m-words#@gp1992m#217.819#218.182
688	он	он	PRON	_	Case=Nom|Gender=Masc|Number=Sing|Person=3	_	_	_	@gp1992m-words#@gp1992m#218.182#218.545
689	такой	такой	DET	_	Case=Nom|Gender=Masc|Number=Sing	_	_	_	@gp1992m-words#@gp1992m#218.545#218.908
690	/	/	PUNCT	_	_	_	_	_	@gp1992m-words#@gp1992m#218.908#219.271
691	ну	ну	PART	_	_	_	_	_	@gp1992m-words#@gp1992m#219.271#219.634
692	да	да	PART	_	_	_	_	_	@gp1992m-words#@gp1992m#219.634#219.997
693	/	/	PUNCT	_	_	_	_	_	@gp1992m-words#@gp1992m#219.997#220.36
694	масленица	масленица	NOUN	_	Animacy=Anim|Case=Nom|Gender=Fem|Number=Sing	_	_	_	@gp1992m-words#@gp1992m#220.36#220.73
695	я	я	PRON	_	Case=Nom|Number=Sing|Person=1	_	_	_	@gp1992m-words#@gp1992m#220.94#221.193
696	говорю	говорить	VERB	_	Aspect=Imp|Mood=Ind|Number=Sing|Person=1|Tense=Pres|VerbForm=Fin|Voice=Act	_	_	_	@gp1992m-words#@gp1992m#221.193#221.446
697	/	/	PUNCT	_	_	_	_	_	@gp1992m-words#@gp1992m#221.446#221.699
698	но	но	CCONJ	_	_	_	_	_	@gp1992m-words#@gp1992m#221.699#221.952
699	мне	я	PRON	_	Case=Dat|Number=Sing|Person=1	_	_	_	@gp1992m-words#@gp1992m#221.952#222.205
700	это	это	PRON	_	Animacy=Inan|Case=Nom|Gender=Neut|Number=Sing	_	_	_	@gp1992m-words#@gp1992m#222.205#222.458
701	не	не	PART	_	_	_	_	_	@gp1992m-words#@gp1992m#222.458#222.711
702	интересно	интересный	ADJ	_	Degree=Pos|Gender=Neut|Number=Sing|Variant=Short	_	_	_	@gp1992m-words#@gp1992m#222.711#222.964
703	/	/	PUNCT	_	_	_	_	_	@gp1992m-words#@gp1992m#222.964#223.217
704	он	он	PRON	_	Case=Nom|Gender=Masc|Number=Sing|Person=3	_	_	_	@gp1992m-words#@gp1992m#223.217#223.47
705	такой	такой	DET	_	Case=Nom|Gender=Masc|Number=Sing	_	_	_	@gp1992m-words#@gp1992m#223.47#223.723
706	/	/	PUNCT	_	_	_	_	_	@gp1992m-words#@gp1992m#223.723#223.976
707	ну	ну	PART	_	_	_	_	_	@gp1992m-words#@gp1992m#223.976#224.229
708	сделайте	делать	VERB	_	Aspect=Perf|Mood=Imp|Number=Plur|Person=2|VerbForm=Fin|Voice=Act	_	_	_	@gp1992m-words#@gp1992m#224.229#224.482
709	масленицу	масленица	NOUN	_	Animacy=Inan|Case=Acc|Gender=Fem|Number=Sing	_	_	_	@gp1992m-words#@gp1992m#224.482#224.735
710	/	/	PUNCT	_	_	_	_	_	@gp1992m-words#@gp1992m#224.735#224.988
711	я	я	PRON	_	Case=Nom|Number=Sing|Person=1	_	_	_	@gp1992m-words#@gp1992m#224.988#225.241
712	вам	вы	PRON	_	Case=Dat|Number=Plur|Person=2	_	_	_	@gp1992m-words#@gp1992m#225.241#225.494
713	хотя	хотя	PART	_	_	_	_	_	@gp1992m-words#@gp1992m#225.494#225.747
714	бы	бы	PART	_	_	_	_	_	@gp1992m-words#@gp1992m#225.747#226.0
715	четыре	четыре	NUM	_	Animacy=Inan|Case=Acc	_	_	_	@gp1992m-words#@gp1992m#226.0#226.253
716	поставлю	поставить	VERB	_	Aspect=Perf|Mood=Ind|Number=Sing|Person=1|Tense=Fut|VerbForm=Fin|Voice=Act	_	_	_	@gp1992m-words#@gp1992m#226.253#226.52
717	и	и	CCONJ	_	_	_	_	_	@gp1992m-words#@gp1992m#226.66#226.848
718	в	в	ADP	_	_	_	_	_	@gp1992m-words#@gp1992m#226.848#227.036
719	итоге	итог	NOUN	_	Animacy=Inan|Case=Loc|Gender=Masc|Number=Sing	_	_	_	@gp1992m-words#@gp1992m#227.036#227.224
720	я	я	PRON	_	Case=Nom|Number=Sing|Person=1	_	_	_	@gp1992m-words#@gp1992m#227.224#227.412
721	сделал	сделать	VERB	_	Aspect=Perf|Gender=Masc|Mood=Ind|Number=Sing|Tense=Past|VerbForm=Fin|Voice=Act	_	_	_	@gp1992m-words#@gp1992m#227.412#227.6
722	то	то	PRON	_	Case=Acc|Number=Sing	_	_	_	@gp1992m-words#@gp1992m#227.6#227.788
723	что	что	CCONJ	_	Case=Acc	_	_	_	@gp1992m-words#@gp1992m#227.788#227.976
724	я	я	PRON	_	Case=Nom|Number=Sing|Person=1	_	_	_	@gp1992m-words#@gp1992m#227.976#228.164
725	хотел	хотеть	VERB	_	Aspect=Imp|Gender=Masc|Mood=Ind|Number=Sing|Tense=Past|VerbForm=Fin|Voice=Act	_	_	_	@gp1992m-words#@gp1992m#228.164#228.352
726	и	и	PART	_	_	_	_	_	@gp1992m-words#@gp1992m#228.352#228.54
727	мне	я	PRON	_	Case=Dat|Number=Sing|Person=1	_	_	_	@gp1992m-words#@gp1992m#228.54#228.728
728	поставили	поставить	VERB	_	Aspect=Perf|Mood=Ind|Number=Plur|Tense=Past|VerbForm=Fin|Voice=Act	_	_	_	@gp1992m-words#@gp1992m#228.728#228.916
729	типа	типа	PART	_	_	_	_	_	@gp1992m-words#@gp1992m#228.916#229.104
730	три	три	NUM	_	Animacy=Inan|Case=Acc	_	_	_	@gp1992m-words#@gp1992m#229.104#229.292
731	и	и	CCONJ	_	_	_	_	_	@gp1992m-words#@gp1992m#229.292#229.48
732	я	я	PRON	_	Case=Nom|Number=Sing|Person=1	_	_	_	@gp1992m-words#@gp1992m#229.48#229.668
733	такой	такой	DET	_	Case=Ins|Gender=Fem|Number=Sing	_	_	_	@gp1992m-words#@gp1992m#229.668#229.86
734	ну	ну	PART	_	_	_	_	_	@gp1992m-words#@gp1992m#230.45#230.69
735	и	и	CCONJ	_	_	_	_	_	@gp1992m-words#@gp1992m#230.69#230.93
736	ладно	ладно	PART	_	_	_	_	_	@gp1992m-words#@gp1992m#230.93#231.17
737	ну	ну	PART	_	_	_	_	_	@gp1992m-words#@gp1992m#237.28#237.52
738	да	да	PART	_	_	_	_	_	@gp1992m-words#@gp1992m#237.52#237.76
739	можно	можно	PRED	_	_	_	_	_	@gp1992m-words#@gp1992m#237.76#238.0
740	так	так	ADV	_	_	_	_	_	@gp1992m-words#@gp1992m#238.0#238.24
741	сказать	сказать	VERB	_	Aspect=Perf|VerbForm=Inf|Voice=Act	_	_	_	@gp1992m-words#@gp1992m#238.24#238.48
742	знаешь	знать	VERB	_	Aspect=Imp|Mood=Ind|Number=Sing|Person=2|Tense=Pres|VerbForm=Fin|Voice=Act	_	_	_	@gp1992m-words#@gp1992m#238.48#238.782
743	ну	ну	PART	_	_	_	_	_	@gp1992m-words#@gp1992m#238.782#239.084
744	типа	типа	INTJ	_	_	_	_	_	@gp1992m-words#@gp1992m#239.084#239.386
745	я	я	PRON	_	Case=Nom|Number=Sing|Person=1	_	_	_	@gp1992m-words#@gp1992m#239.386#239.688
746	рисовал	рисовать	VERB	_	Aspect=Imp|Gender=Masc|Mood=Ind|Number=Sing|Tense=Past|VerbForm=Fin|Voice=Act	_	_	_	@gp1992m-words#@gp1992m#239.688#239.99
747	много	много	ADV	_	Degree=Pos	_	_	_	@gp1992m-words#@gp1992m#239.99#240.292
748	лиц	лицо	NOUN	_	Animacy=Anim|Case=Gen|Gender=Neut|Number=Plur	_	_	_	@gp1992m-words#@gp1992m#240.292#240.594
749	и	и	CCONJ	_	_	_	_	_	@gp1992m-words#@gp1992m#240.594#240.896
750	в	в	ADP	_	_	_	_	_	@gp1992m-words#@gp1992m#240.896#241.198
751	какой-то	какой-то	DET	_	Case=Loc|Gender=Fem|Number=Sing	_	_	_	@gp1992m-words#@gp1992m#241.198#241.5
752	момент	момент	NOUN	_	Animacy=Inan|Case=Nom|Gender=Masc|Number=Sing	_	_	_	@gp1992m-words#@gp1992m#241.802#242.104
753	все	все	PRON	_	Animacy=Inan|Case=Nom|Gender=Neut|Number=Sing	_	_	_	@gp1992m-words#@gp1992m#242.104#242.406
754	равно	равно	ADV	_	_	_	_	_	@gp1992m-words#@gp1992m#242.406#242.708
755	образование	образование	NOUN	_	Animacy=Inan|Case=Nom|Gender=Neut|Number=Sing	_	_	_	@gp1992m-words#@gp1992m#242.708#243.01
756	художественное	художественный	ADJ	_	Case=Nom|Degree=Pos|Gender=Neut|Number=Sing	_	_	_	@gp1992m-words#@gp1992m#243.01#243.312
757	в	в	ADP	_	_	_	_	_	@gp1992m-words#@gp1992m#243.312#243.614
758	вузе	вуз	NOUN	_	Animacy=Inan|Case=Loc|Gender=Masc|Number=Sing	_	_	_	@gp1992m-words#@gp1992m#243.614#243.916
759	оно	оно	PRON	_	Case=Nom|Gender=Neut|Number=Sing|Person=3	_	_	_	@gp1992m-words#@gp1992m#243.916#244.218
760	конченое	конченый	ADJ	_	Case=Nom|Degree=Neg|Gender=Neut|Number=Sing	_	_	_	@gp1992m-words#@gp1992m#244.218#244.52
761	/	/	PUNCT	_	_	_	_	_	@gp1992m-words#@gp1992m#244.52#244.822
762	ну	ну	PART	_	_	_	_	_	@gp1992m-words#@gp1992m#244.822#245.124
763	типа	типа	PART	_	_	_	_	_	@gp1992m-words#@gp1992m#245.124#245.426
764	обычноe	обычный	ADJ	_	Case=Nom|Degree=Pos|Gender=Neut|Number=Sing	_	_	_	@gp1992m-words#@gp1992m#245.426#245.73
765	в	в	ADP	_	_	_	_	_	@gp1992m-words#@gp1992m#246.78#247.195
766	России	Россия	PROPN	_	Animacy=Inan|Case=Loc|Gender=Fem|Number=Sing	_	_	_	@gp1992m-words#@gp1992m#247.195#247.61
767	я	я	PRON	_	Case=Nom|Number=Sing|Person=1	_	_	_	@gp1992m-words#@gp1992m#247.82#248.121
768	пошел	пойти	VERB	_	Aspect=Perf|Gender=Masc|Mood=Ind|Number=Sing|Tense=Past|VerbForm=Fin|Voice=Act	_	_	_	@gp1992m-words#@gp1992m#248.121#248.422
769	в	в	ADP	_	_	_	_	_	@gp1992m-words#@gp1992m#248.422#248.723
770	художественную	художественный	ADJ	_	Case=Acc|Degree=Pos|Gender=Fem|Number=Sing	_	_	_	@gp1992m-words#@gp1992m#248.723#249.024
771	школу	школа	NOUN	_	Animacy=Inan|Case=Acc|Gender=Fem|Number=Sing	_	_	_	@gp1992m-words#@gp1992m#249.024#249.325
772	в	в	ADP	_	_	_	_	_	@gp1992m-words#@gp1992m#249.325#249.626
773	первый	первый	ADJ	_	Animacy=Inan|Case=Acc|Degree=Pos|Gender=Masc|Number=Sing	_	_	_	@gp1992m-words#@gp1992m#249.626#249.927
774	класс	класс	NOUN	_	Animacy=Inan|Case=Acc|Gender=Masc|Number=Sing	_	_	_	@gp1992m-words#@gp1992m#249.927#250.228
775	в	в	ADP	_	_	_	_	_	@gp1992m-words#@gp1992m#250.228#250.529
776	пятом	пятый	ADJ	_	Case=Loc|Degree=Pos|Gender=Masc|Number=Sing	_	_	_	@gp1992m-words#@gp1992m#250.529#250.83
777	классе	класс	NOUN	_	Animacy=Inan|Case=Loc|Gender=Masc|Number=Sing	_	_	_	@gp1992m-words#@gp1992m#250.83#251.131
778	обычном	обычный	ADJ	_	Case=Loc|Degree=Pos|Gender=Masc|Number=Sing	_	_	_	@gp1992m-words#@gp1992m#251.131#251.44
779	мы	мы	PRON	_	Case=Nom|Number=Plur|Person=1	_	_	_	@gp1992m-words#@gp1992m#251.67#251.966
780	рисовали	рисовать	VERB	_	Aspect=Imp|Mood=Ind|Number=Plur|Tense=Past|VerbForm=Fin|Voice=Act	_	_	_	@gp1992m-words#@gp1992m#251.966#252.262
781	кувшины	кувшина	NOUN	_	Animacy=Inan|Case=Acc|Gender=Fem|Number=Plur	_	_	_	@gp1992m-words#@gp1992m#252.262#252.558
782	и	и	CCONJ	_	_	_	_	_	@gp1992m-words#@gp1992m#252.558#252.854
783	яблоки	яблоко	NOUN	_	Animacy=Inan|Case=Acc|Gender=Masc|Number=Plur	_	_	_	@gp1992m-words#@gp1992m#252.854#253.15
784	акварелью	акварель	NOUN	_	Animacy=Inan|Case=Ins|Gender=Fem|Number=Sing	_	_	_	@gp1992m-words#@gp1992m#253.15#253.446
785	/	/	PUNCT	_	_	_	_	_	@gp1992m-words#@gp1992m#253.446#253.742
786	но	но	CCONJ	_	_	_	_	_	@gp1992m-words#@gp1992m#253.742#254.038
787	типа	типа	PART	_	_	_	_	_	@gp1992m-words#@gp1992m#254.038#254.334
788	я	я	PRON	_	Case=Nom|Number=Sing|Person=1	_	_	_	@gp1992m-words#@gp1992m#254.334#254.63
789	прихожу	приходить	VERB	_	Aspect=Imp|Mood=Ind|Number=Sing|Person=1|Tense=Pres|VerbForm=Fin|Voice=Act	_	_	_	@gp1992m-words#@gp1992m#254.63#254.926
790	в	в	ADP	_	_	_	_	_	@gp1992m-words#@gp1992m#254.926#255.222
791	вуз	вуз	NOUN	_	Animacy=Inan|Case=Acc|Gender=Masc|Number=Sing	_	_	_	@gp1992m-words#@gp1992m#255.222#255.518
792	в	в	ADP	_	_	_	_	_	@gp1992m-words#@gp1992m#255.518#255.814
793	высшее	высший	ADJ	_	Case=Acc|Degree=Pos|Gender=Neut|Number=Sing	_	_	_	@gp1992m-words#@gp1992m#255.814#256.11
794	учебное	учебный	ADJ	_	Case=Acc|Degree=Pos|Gender=Neut|Number=Sing	_	_	_	@gp1992m-words#@gp1992m#256.11#256.406
795	заведение	заведение	NOUN	_	Animacy=Inan|Case=Acc|Gender=Neut|Number=Sing	_	_	_	@gp1992m-words#@gp1992m#256.406#256.702
796	и	и	CCONJ	_	_	_	_	_	@gp1992m-words#@gp1992m#256.702#256.998
797	мне	я	PRON	_	Case=Dat|Number=Sing|Person=1	_	_	_	@gp1992m-words#@gp1992m#256.998#257.294
798	говорят	говорить	VERB	_	Aspect=Imp|Mood=Ind|Number=Plur|Person=3|Tense=Pres|VerbForm=Fin|Voice=Act	_	_	_	@gp1992m-words#@gp1992m#257.294#257.59
799	типа	типа	PART	_	_	_	_	_	@gp1992m-words#@gp1992m#257.59#257.886
800	/	/	PUNCT	_	_	_	_	_	@gp1992m-words#@gp1992m#257.886#258.182
801	первый	первый	ADJ	_	Case=Nom|Degree=Pos|Gender=Masc|Number=Sing	_	_	_	@gp1992m-words#@gp1992m#258.182#258.478
802	курс	курс	NOUN	_	Animacy=Inan|Case=Nom|Gender=Masc|Number=Sing	_	_	_	@gp1992m-words#@gp1992m#258.478#258.774
803	рисуем	рисовать	VERB	_	Aspect=Imp|Mood=Ind|Number=Plur|Person=1|Tense=Pres|VerbForm=Fin|Voice=Act	_	_	_	@gp1992m-words#@gp1992m#258.774#259.07
804	яблоки	яблоко	NOUN	_	Animacy=Inan|Case=Acc|Gender=Masc|Number=Plur	_	_	_	@gp1992m-words#@gp1992m#259.07#259.366
805	кувшины	кувшина	NOUN	_	Animacy=Inan|Case=Gen|Gender=Fem|Number=Sing	_	_	_	@gp1992m-words#@gp1992m#259.366#259.662
806	/	/	PUNCT	_	_	_	_	_	@gp1992m-words#@gp1992m#259.662#259.958
807	и	и	CCONJ	_	_	_	_	_	@gp1992m-words#@gp1992m#259.958#260.254
808	я	я	PRON	_	Case=Nom|Number=Sing|Person=1	_	_	_	@gp1992m-words#@gp1992m#260.254#260.55
809	такой	такой	DET	_	Case=Ins|Gender=Fem|Number=Sing	_	_	_	@gp1992m-words#@gp1992m#260.55#260.846
810	окей	окей	NOUN	_	Animacy=Inan|Case=Ins|Gender=Fem|Number=Sing	_	_	_	@gp1992m-words#@gp1992m#260.846#261.142
811	допустим	допустить	VERB	_	Aspect=Imp|Mood=Ind|Number=Plur|Person=1|Tense=Pres|VerbForm=Fin|Voice=Act	_	_	_	@gp1992m-words#@gp1992m#261.142#261.438
812	для	для	ADP	_	_	_	_	_	@gp1992m-words#@gp1992m#261.438#261.734
813	разогнаться	разогнаться	VERB	_	Aspect=Imp|VerbForm=Inf|Voice=Mid	_	_	_	@gp1992m-words#@gp1992m#261.734#262.05
814	второй	второй	ADJ	_	Animacy=Inan|Case=Acc|Degree=Pos|Gender=Masc|Number=Sing	_	_	_	@gp1992m-words#@gp1992m#262.05#262.296
815	курс	курс	NOUN	_	Animacy=Inan|Case=Acc|Gender=Masc|Number=Sing	_	_	_	@gp1992m-words#@gp1992m#262.296#262.542
816	мы	мы	PRON	_	Case=Nom|Number=Plur|Person=1	_	_	_	@gp1992m-words#@gp1992m#262.542#262.788
817	снова	снова	ADV	_	_	_	_	_	@gp1992m-words#@gp1992m#262.788#263.034
818	рисуем	рисовать	VERB	_	Aspect=Imp|Mood=Ind|Number=Plur|Person=1|Tense=Pres|VerbForm=Fin|Voice=Act	_	_	_	@gp1992m-words#@gp1992m#263.034#263.28
819	яблоки	яблоко	NOUN	_	Animacy=Inan|Case=Acc|Gender=Masc|Number=Plur	_	_	_	@gp1992m-words#@gp1992m#263.28#263.526
820	кувшины	кувшина	NOUN	_	Animacy=Inan|Case=Gen|Gender=Fem|Number=Sing	_	_	_	@gp1992m-words#@gp1992m#263.526#263.772
821	/	/	PUNCT	_	_	_	_	_	@gp1992m-words#@gp1992m#263.772#264.018
822	и	и	CCONJ	_	_	_	_	_	@gp1992m-words#@gp1992m#264.018#264.264
823	я	я	PRON	_	Case=Nom|Number=Sing|Person=1	_	_	_	@gp1992m-words#@gp1992m#264.264#264.51
824	такой	такой	DET	_	Case=Nom|Gender=Masc|Number=Sing	_	_	_	@gp1992m-words#@gp1992m#264.51#264.756
825	/	/	PUNCT	_	_	_	_	_	@gp1992m-words#@gp1992m#264.756#265.002
826	эээ	эээ	INTJ	_	_	_	_	_	@gp1992m-words#@gp1992m#265.002#265.248
827	/	/	PUNCT	_	_	_	_	_	@gp1992m-words#@gp1992m#265.248#265.494
828	дайте	дать	VERB	_	Aspect=Perf|Mood=Imp|Number=Plur|Person=2|VerbForm=Fin|Voice=Act	_	_	_	@gp1992m-words#@gp1992m#265.494#265.74
829	угадаю	угадать	VERB	_	Aspect=Perf|Mood=Ind|Number=Sing|Person=1|Tense=Pres|VerbForm=Fin|Voice=Act	_	_	_	@gp1992m-words#@gp1992m#265.74#265.986
830	/	/	PUNCT	_	_	_	_	_	@gp1992m-words#@gp1992m#265.986#266.232
831	у	у	ADP	_	_	_	_	_	@gp1992m-words#@gp1992m#266.232#266.478
832	меня	я	PRON	_	Case=Gen|Number=Sing|Person=1	_	_	_	@gp1992m-words#@gp1992m#266.478#266.724
833	на	на	ADP	_	_	_	_	_	@gp1992m-words#@gp1992m#266.724#266.97
834	втором	второй	ADJ	_	Case=Loc|Degree=Pos|Gender=Masc|Number=Sing	_	_	_	@gp1992m-words#@gp1992m#266.97#267.216
835	курсе	курс	NOUN	_	Animacy=Inan|Case=Loc|Gender=Masc|Number=Sing	_	_	_	@gp1992m-words#@gp1992m#267.216#267.462
836	в	в	ADP	_	_	_	_	_	@gp1992m-words#@gp1992m#267.462#267.708
837	детской	детский	ADJ	_	Case=Loc|Degree=Pos|Gender=Fem|Number=Sing	_	_	_	@gp1992m-words#@gp1992m#267.708#267.954
838	художественной	художественный	ADJ	_	Case=Loc|Degree=Pos|Gender=Fem|Number=Sing	_	_	_	@gp1992m-words#@gp1992m#267.954#268.2
839	школе	школа	NOUN	_	Animacy=Inan|Case=Loc|Gender=Fem|Number=Sing	_	_	_	@gp1992m-words#@gp1992m#268.2#268.446
840	были	быть	AUX	_	Aspect=Imp|Mood=Ind|Number=Plur|Tense=Past|VerbForm=Fin|Voice=Act	_	_	_	@gp1992m-words#@gp1992m#268.446#268.692
841	гипсовые	гипсовый	ADJ	_	Case=Nom|Degree=Pos|Number=Plur	_	_	_	@gp1992m-words#@gp1992m#268.692#268.938
842	головы	голова	NOUN	_	Animacy=Inan|Case=Nom|Gender=Fem|Number=Plur	_	_	_	@gp1992m-words#@gp1992m#268.938#269.184
843	/	/	PUNCT	_	_	_	_	_	@gp1992m-words#@gp1992m#269.184#269.43
844	и	и	CCONJ	_	_	_	_	_	@gp1992m-words#@gp1992m#269.43#269.676
845	они	они	PRON	_	Case=Nom|Number=Plur|Person=3	_	_	_	@gp1992m-words#@gp1992m#269.676#269.922
846	такие	такой	DET	_	Case=Nom|Number=Plur	_	_	_	@gp1992m-words#@gp1992m#269.922#270.168
847	/	/	PUNCT	_	_	_	_	_	@gp1992m-words#@gp1992m#270.168#270.414
848	да	да	PART	_	_	_	_	_	@gp1992m-words#@gp1992m#270.414#270.66
849	/	/	PUNCT	_	_	_	_	_	@gp1992m-words#@gp1992m#270.66#270.906
850	они	они	PRON	_	Case=Nom|Number=Plur|Person=3	_	_	_	@gp1992m-words#@gp1992m#270.906#271.152
851	тоже	тоже	PART	_	_	_	_	_	@gp1992m-words#@gp1992m#271.152#271.398
852	будут	быть	VERB	_	Aspect=Imp|Mood=Ind|Number=Plur|Person=3|Tense=Pres|VerbForm=Fin|Voice=Act	_	_	_	@gp1992m-words#@gp1992m#271.398#271.644
853	/	/	PUNCT	_	_	_	_	_	@gp1992m-words#@gp1992m#271.644#271.89
854	и	и	PART	_	_	_	_	_	@gp1992m-words#@gp1992m#271.89#272.136
855	я	я	PRON	_	Case=Nom|Number=Sing|Person=1	_	_	_	@gp1992m-words#@gp1992m#272.136#272.382
856	такой	такой	DET	_	Case=Acc|Gender=Masc|Number=Sing	_	_	_	@gp1992m-words#@gp1992m#272.382#272.628
857	окей	окей	NOUN	_	Animacy=Inan|Case=Acc|Gender=Masc|Number=Sing	_	_	_	@gp1992m-words#@gp1992m#272.628#272.874
858	типа	типа	PART	_	_	_	_	_	@gp1992m-words#@gp1992m#272.874#273.12
859	а	а	CCONJ	_	_	_	_	_	@gp1992m-words#@gp1992m#273.13#273.376
860	на	на	ADP	_	_	_	_	_	@gp1992m-words#@gp1992m#273.376#273.622
861	третьем	третий	ADJ	_	Case=Loc|Degree=Pos|Gender=Masc|Number=Sing	_	_	_	@gp1992m-words#@gp1992m#273.622#273.868
862	курсе	курс	NOUN	_	Animacy=Inan|Case=Loc|Gender=Masc|Number=Sing	_	_	_	@gp1992m-words#@gp1992m#273.868#274.114
863	ну	ну	PART	_	_	_	_	_	@gp1992m-words#@gp1992m#274.114#274.36
864	типа	типа	PART	_	_	_	_	_	@gp1992m-words#@gp1992m#274.36#274.61
865	ну	ну	PART	_	_	_	_	_	@gp1992m-words#@gp1992m#278.82#279.044
866	возможно	возможный	ADV	_	Degree=Pos	_	_	_	@gp1992m-words#@gp1992m#279.044#279.268
867	тогда	тогда	ADV	_	_	_	_	_	@gp1992m-words#@gp1992m#279.268#279.492
868	у	у	ADP	_	_	_	_	_	@gp1992m-words#@gp1992m#279.492#279.716
869	меня	я	PRON	_	Case=Gen|Number=Sing|Person=1	_	_	_	@gp1992m-words#@gp1992m#279.716#279.94
870	было	быть	VERB	_	Aspect=Imp|Gender=Neut|Mood=Ind|Number=Sing|Tense=Past|VerbForm=Fin|Voice=Act	_	_	_	@gp1992m-words#@gp1992m#279.94#280.164
871	детство	детство	NOUN	_	Animacy=Inan|Case=Nom|Gender=Neut|Number=Sing	_	_	_	@gp1992m-words#@gp1992m#280.164#280.388
872	в	в	ADP	_	_	_	_	_	@gp1992m-words#@gp1992m#280.388#280.612
873	жопе	жопа	NOUN	_	Animacy=Inan|Case=Loc|Gender=Fem|Number=Sing	_	_	_	@gp1992m-words#@gp1992m#280.612#280.836
874	/	/	PUNCT	_	_	_	_	_	@gp1992m-words#@gp1992m#280.836#281.06
875	понимаешь	понимать	VERB	_	Aspect=Imp|Mood=Ind|Number=Sing|Person=2|Tense=Pres|VerbForm=Fin|Voice=Act	_	_	_	@gp1992m-words#@gp1992m#281.06#281.284
876	/	/	PUNCT	_	_	_	_	_	@gp1992m-words#@gp1992m#281.284#281.508
877	я	я	PRON	_	Case=Nom|Number=Sing|Person=1	_	_	_	@gp1992m-words#@gp1992m#281.508#281.732
878	такой	такой	DET	_	Case=Nom|Gender=Masc|Number=Sing	_	_	_	@gp1992m-words#@gp1992m#281.732#281.956
879	типа	типа	PART	_	_	_	_	_	@gp1992m-words#@gp1992m#281.956#282.18
880	/	/	PUNCT	_	_	_	_	_	@gp1992m-words#@gp1992m#282.18#282.404
881	да	да	PART	_	_	_	_	_	@gp1992m-words#@gp1992m#282.404#282.628
882	/	/	PUNCT	_	_	_	_	_	@gp1992m-words#@gp1992m#282.628#282.852
883	творчество	творчество	NOUN	_	Animacy=Inan|Case=Nom|Gender=Neut|Number=Sing	_	_	_	@gp1992m-words#@gp1992m#282.852#283.076
884	/	/	PUNCT	_	_	_	_	_	@gp1992m-words#@gp1992m#283.076#283.3
885	вуз	вуз	NOUN	_	Animacy=Inan|Case=Nom|Gender=Masc|Number=Sing	_	_	_	@gp1992m-words#@gp1992m#283.3#283.524
886	/	/	PUNCT	_	_	_	_	_	@gp1992m-words#@gp1992m#283.524#283.748
887	вот	вот	PART	_	_	_	_	_	@gp1992m-words#@gp1992m#283.748#283.972
888	щас	сейчас	ADV	_	_	_	_	_	@gp1992m-words#@gp1992m#283.972#284.196
889	мы	мы	PRON	_	Case=Nom|Number=Plur|Person=1	_	_	_	@gp1992m-words#@gp1992m#284.196#284.42
890	оторвемся	оторваться	VERB	_	Aspect=Perf|Mood=Ind|Number=Plur|Person=1|Tense=Fut|VerbForm=Fin|Voice=Mid	_	_	_	@gp1992m-words#@gp1992m#284.42#284.644
891	/	/	PUNCT	_	_	_	_	_	@gp1992m-words#@gp1992m#284.644#284.868
892	щас	щас	VERB	_	Aspect=Perf|Gender=Masc|Mood=Ind|Number=Sing|Tense=Past|VerbForm=Fin|Voice=Act	_	_	_	@gp1992m-words#@gp1992m#284.868#285.092
893	такие	такой	DET	_	Case=Acc|Number=Plur	_	_	_	@gp1992m-words#@gp1992m#285.092#285.316
894	все	все	DET	_	Case=Acc|Number=Plur	_	_	_	@gp1992m-words#@gp1992m#285.316#285.54
895	будем	быть	AUX	_	Aspect=Imp|Mood=Ind|Number=Plur|Person=1|Tense=Pres|VerbForm=Fin|Voice=Act	_	_	_	@gp1992m-words#@gp1992m#285.54#285.764
896	художественные	художественный	ADJ	_	Case=Nom|Degree=Pos|Number=Plur	_	_	_	@gp1992m-words#@gp1992m#285.764#285.988
897	/	/	PUNCT	_	_	_	_	_	@gp1992m-words#@gp1992m#285.988#286.212
898	но	но	CCONJ	_	_	_	_	_	@gp1992m-words#@gp1992m#286.212#286.436
899	нет	нет	PART	_	_	_	_	_	@gp1992m-words#@gp1992m#286.436#286.66
900	эта	этот	DET	_	Case=Nom|Gender=Fem|Number=Sing	_	_	_	@gp1992m-words#@gp1992m#286.66#286.884
901	та	та	DET	_	Case=Nom|Gender=Fem|Number=Sing	_	_	_	@gp1992m-words#@gp1992m#286.884#287.108
902	же	же	PART	_	_	_	_	_	@gp1992m-words#@gp1992m#287.108#287.332
903	самая	самый	ADJ	_	Case=Nom|Degree=Pos|Gender=Fem|Number=Sing	_	_	_	@gp1992m-words#@gp1992m#287.332#287.556
904	программа	программа	NOUN	_	Animacy=Inan|Case=Nom|Gender=Fem|Number=Sing	_	_	_	@gp1992m-words#@gp1992m#287.556#287.78
905	с	с	ADP	_	_	_	_	_	@gp1992m-words#@gp1992m#287.78#288.004
906	детской	детский	ADJ	_	Case=Gen|Degree=Pos|Gender=Fem|Number=Sing	_	_	_	@gp1992m-words#@gp1992m#288.004#288.228
907	художественной	художественный	ADJ	_	Case=Gen|Degree=Pos|Gender=Fem|Number=Sing	_	_	_	@gp1992m-words#@gp1992m#288.228#288.452
908	школы	школа	NOUN	_	Animacy=Inan|Case=Gen|Gender=Fem|Number=Sing	_	_	_	@gp1992m-words#@gp1992m#288.452#288.676
909	просто	просто	PART	_	_	_	_	_	@gp1992m-words#@gp1992m#288.676#288.9
910	типо	типо	ADP	_	_	_	_	_	@gp1992m-words#@gp1992m#288.9#289.124
911	рядом	рядом	ADV	_	_	_	_	_	@gp1992m-words#@gp1992m#289.124#289.348
912	с	с	ADP	_	_	_	_	_	@gp1992m-words#@gp1992m#289.348#289.572
913	тобой	ты	PRON	_	Case=Ins|Number=Sing|Person=2	_	_	_	@gp1992m-words#@gp1992m#289.572#289.796
914	сидят	сидеть	VERB	_	Aspect=Imp|Mood=Ind|Number=Plur|Person=3|Tense=Pres|VerbForm=Fin|Voice=Act	_	_	_	@gp1992m-words#@gp1992m#289.796#290.02
915	взрослые	взрослый	ADJ	_	Case=Nom|Degree=Pos|Number=Plur	_	_	_	@gp1992m-words#@gp1992m#290.02#290.244
916	бабы	баба	NOUN	_	Animacy=Anim|Case=Nom|Gender=Fem|Number=Plur	_	_	_	@gp1992m-words#@gp1992m#290.244#290.468
917	мужики	мужик	NOUN	_	Animacy=Inan|Case=Gen|Gender=Fem|Number=Sing	_	_	_	@gp1992m-words#@gp1992m#290.468#290.692
918	на	на	ADP	_	_	_	_	_	@gp1992m-words#@gp1992m#290.692#290.916
919	очно-заочном	очно-заочный	ADJ	_	Case=Loc|Degree=Pos|Gender=Masc|Number=Sing	_	_	_	@gp1992m-words#@gp1992m#290.916#291.14
920	/	/	PUNCT	_	_	_	_	_	@gp1992m-words#@gp1992m#291.14#291.364
921	ее	она	PRON	_	Case=Acc|Gender=Fem|Number=Sing|Person=3	_	_	_	@gp1992m-words#@gp1992m#291.364#291.588
922	зовут	звать	VERB	_	Aspect=Imp|Mood=Ind|Number=Plur|Person=3|Tense=Pres|VerbForm=Fin|Voice=Act	_	_	_	@gp1992m-words#@gp1992m#291.588#291.812
923	Оксана	Оксана	PROPN	_	Animacy=Anim|Case=Nom|Gender=Fem|Number=Sing	_	_	_	@gp1992m-words#@gp1992m#291.812#292.036
924	/	/	PUNCT	_	_	_	_	_	@gp1992m-words#@gp1992m#292.036#292.26
925	у	у	ADP	_	_	_	_	_	@gp1992m-words#@gp1992m#292.26#292.484
926	нее	она	PRON	_	Case=Gen|Gender=Fem|Number=Sing|Person=3	_	_	_	@gp1992m-words#@gp1992m#292.484#292.708
927	трое	трое	NUM	_	Case=Nom	_	_	_	@gp1992m-words#@gp1992m#292.708#292.932
928	детей	ребенок	NOUN	_	Animacy=Anim|Case=Gen|Gender=Masc|Number=Plur	_	_	_	@gp1992m-words#@gp1992m#292.932#293.156
929	/	/	PUNCT	_	_	_	_	_	@gp1992m-words#@gp1992m#293.156#293.38
930	и	и	CCONJ	_	_	_	_	_	@gp1992m-words#@gp1992m#293.38#293.604
931	она	она	PRON	_	Case=Nom|Gender=Fem|Number=Sing|Person=3	_	_	_	@gp1992m-words#@gp1992m#293.604#293.828
932	наконец	наконец	ADV	_	_	_	_	_	@gp1992m-words#@gp1992m#293.828#294.052
933	-	-	PUNCT	_	_	_	_	_	@gp1992m-words#@gp1992m#293.828#294.053
934	то	то	PRON	_	Animacy=Inan|Case=Acc|Gender=Neut|Number=Sing	_	_	_	@gp1992m-words#@gp1992m#294.052#294.276
935	решила	решить	VERB	_	Aspect=Perf|Gender=Fem|Mood=Ind|Number=Sing|Tense=Past|VerbForm=Fin|Voice=Act	_	_	_	@gp1992m-words#@gp1992m#294.276#294.5
936	попробовать	попробовать	VERB	_	Aspect=Perf|VerbForm=Inf|Voice=Act	_	_	_	@gp1992m-words#@gp1992m#294.5#294.724
937	рисование	рисование	NOUN	_	Animacy=Inan|Case=Acc|Gender=Neut|Number=Sing	_	_	_	@gp1992m-words#@gp1992m#294.724#294.948
938	/	/	PUNCT	_	_	_	_	_	@gp1992m-words#@gp1992m#294.948#295.172
939	и	и	PART	_	_	_	_	_	@gp1992m-words#@gp1992m#295.172#295.396
940	ты	ты	PRON	_	Case=Nom|Number=Sing|Person=2	_	_	_	@gp1992m-words#@gp1992m#295.396#295.62
941	такой	такой	DET	_	Case=Acc|Gender=Masc|Number=Sing	_	_	_	@gp1992m-words#@gp1992m#295.62#295.844
942	/	/	PUNCT	_	_	_	_	_	@gp1992m-words#@gp1992m#295.844#296.068
943	очень	очень	ADV	_	_	_	_	_	@gp1992m-words#@gp1992m#296.068#296.292
944	приятно	приятно	ADV	_	Degree=Pos	_	_	_	@gp1992m-words#@gp1992m#296.292#296.516
945	Оксана	Оксана	PROPN	_	Animacy=Anim|Case=Nom|Gender=Fem|Number=Sing	_	_	_	@gp1992m-words#@gp1992m#296.516#296.74
946	/	/	PUNCT	_	_	_	_	_	@gp1992m-words#@gp1992m#296.74#296.964
947	я	я	PRON	_	Case=Nom|Number=Sing|Person=1	_	_	_	@gp1992m-words#@gp1992m#296.964#297.188
948	рисую	рисой	VERB	_	Aspect=Perf|Case=Acc|Gender=Fem|Number=Sing|Tense=Past|VerbForm=Part|Voice=Pass	_	_	_	@gp1992m-words#@gp1992m#297.188#297.412
949	всю	весь	DET	_	Case=Acc|Gender=Fem|Number=Sing	_	_	_	@gp1992m-words#@gp1992m#297.412#297.636
950	жизнь	жизнь	NOUN	_	Animacy=Inan|Case=Acc|Gender=Fem|Number=Sing	_	_	_	@gp1992m-words#@gp1992m#297.636#297.86
951	а	а	CCONJ	_	_	_	_	_	@gp1992m-words#@gp1992m#297.86#298.084
952	ты	ты	PRON	_	Case=Nom|Number=Sing|Person=2	_	_	_	@gp1992m-words#@gp1992m#298.084#298.308
953	первый	первый	ADJ	_	Animacy=Inan|Case=Acc|Degree=Pos|Gender=Masc|Number=Sing	_	_	_	@gp1992m-words#@gp1992m#298.308#298.532
954	раз	раз	NOUN	_	Animacy=Inan|Case=Acc|Gender=Masc|Number=Sing	_	_	_	@gp1992m-words#@gp1992m#298.532#298.756
955	/	/	PUNCT	_	_	_	_	_	@gp1992m-words#@gp1992m#298.756#298.98
956	ммм	ммм	INTJ	_	_	_	_	_	@gp1992m-words#@gp1992m#298.98#299.204
957	/	/	PUNCT	_	_	_	_	_	@gp1992m-words#@gp1992m#299.204#299.428
958	ты	ты	PRON	_	Case=Nom|Number=Sing|Person=2	_	_	_	@gp1992m-words#@gp1992m#299.428#299.652
959	на	на	ADP	_	_	_	_	_	@gp1992m-words#@gp1992m#299.652#299.876
960	бюджете	бюджет	NOUN	_	Animacy=Inan|Case=Loc|Gender=Masc|Number=Sing	_	_	_	@gp1992m-words#@gp1992m#299.876#300.1
961	/	/	PUNCT	_	_	_	_	_	@gp1992m-words#@gp1992m#300.1#300.324
962	а	а	CCONJ	_	_	_	_	_	@gp1992m-words#@gp1992m#300.324#300.548
963	я	я	PRON	_	Case=Nom|Number=Sing|Person=1	_	_	_	@gp1992m-words#@gp1992m#300.548#300.772
964	на	на	ADP	_	_	_	_	_	@gp1992m-words#@gp1992m#300.772#300.996
965	платке	платка	NOUN	_	Animacy=Inan|Case=Loc|Gender=Fem|Number=Sing	_	_	_	@gp1992m-words#@gp1992m#300.996#301.28
966	ага	ага	INTJ	_	_	_	_	_	@kh1997f-words#@kh1997f#7.95#8.22
967	угу	угу	INTJ	_	_	_	_	_	@kh1997f-words#@kh1997f#8.22#8.49
968	да	да	PART	_	_	_	_	_	@kh1997f-words#@kh1997f#11.67#12.125
969	ладно	ладно	PART	_	_	_	_	_	@kh1997f-words#@kh1997f#12.125#12.58
970	опасно	опасный	ADJ	_	Degree=Pos|Gender=Neut|Number=Sing|Variant=Short	_	_	_	@kh1997f-words#@kh1997f#19.57#20.38
971	жесть	жесть	NOUN	_	Animacy=Inan|Case=Acc|Gender=Fem|Number=Sing	_	_	_	@kh1997f-words#@kh1997f#32.47#32.98
972	да	да	PART	_	_	_	_	_	@kh1997f-words#@kh1997f#64.43#64.9
973	поступил	поступить	VERB	_	Aspect=Perf|Gender=Masc|Mood=Ind|Number=Sing|Tense=Past|VerbForm=Fin|Voice=Act	_	_	_	@kh1997f-words#@kh1997f#65.88#66.196
974	в	в	ADP	_	_	_	_	_	@kh1997f-words#@kh1997f#66.196#66.512
975	итоге	итог	NOUN	_	Animacy=Inan|Case=Loc|Gender=Masc|Number=Sing	_	_	_	@kh1997f-words#@kh1997f#66.512#66.83
976	но	но	CCONJ	_	_	_	_	_	@kh1997f-words#@kh1997f#88.73#88.889
977	как	как	SCONJ	_	_	_	_	_	@kh1997f-words#@kh1997f#88.889#89.048
978	они	они	PRON	_	Case=Nom|Number=Plur|Person=3	_	_	_	@kh1997f-words#@kh1997f#89.048#89.207
979	отнеслись	отнестись	VERB	_	Aspect=Perf|Mood=Ind|Number=Plur|Tense=Past|VerbForm=Fin|Voice=Mid	_	_	_	@kh1997f-words#@kh1997f#89.207#89.366
980	к	к	ADP	_	_	_	_	_	@kh1997f-words#@kh1997f#89.366#89.525
981	тому	то	PRON	_	Animacy=Inan|Case=Dat|Gender=Neut|Number=Sing	_	_	_	@kh1997f-words#@kh1997f#89.525#89.684
982	что	что	SCONJ	_	_	_	_	_	@kh1997f-words#@kh1997f#89.684#89.843
983	ты	ты	PRON	_	Case=Nom|Number=Sing|Person=2	_	_	_	@kh1997f-words#@kh1997f#89.843#90.002
984	все-таки	все-таки	ADV	_	_	_	_	_	@kh1997f-words#@kh1997f#90.002#90.161
985	решил	решить	VERB	_	Aspect=Perf|Gender=Masc|Mood=Ind|Number=Sing|Tense=Past|VerbForm=Fin|Voice=Act	_	_	_	@kh1997f-words#@kh1997f#91.0#91.166
986	стать	стать	VERB	_	Aspect=Perf|VerbForm=Inf|Voice=Mid	_	_	_	@kh1997f-words#@kh1997f#91.166#91.332
987	худо...	художник	NOUN	_	_	_	_	_	@kh1997f-words#@kh1997f#91.332#91.498
988	не	не	PART	_	_	_	_	_	@kh1997f-words#@kh1997f#93.26#93.5
989	ну	ну	PART	_	_	_	_	_	@kh1997f-words#@kh1997f#93.5#93.74
990	когда	когда	SCONJ	_	_	_	_	_	@kh1997f-words#@kh1997f#93.74#93.98
991	ты	ты	PRON	_	Case=Nom|Number=Sing|Person=2	_	_	_	@kh1997f-words#@kh1997f#93.98#94.22
992	поступил	поступить	VERB	_	Aspect=Perf|Gender=Masc|Mood=Ind|Number=Sing|Tense=Past|VerbForm=Fin|Voice=Act	_	_	_	@kh1997f-words#@kh1997f#94.22#94.46
993	все	весь	DET	_	Case=Nom|Number=Plur	_	_	_	@kh1997f-words#@kh1997f#94.46#94.7
994	такие	такой	DET	_	Case=Nom|Number=Plur	_	_	_	@kh1997f-words#@kh1997f#94.7#94.94
995	/	/	PUNCT	_	_	_	_	_	@kh1997f-words#@kh1997f#94.94#95.18
996	эээ	эээ	INTJ	_	_	_	_	_	@kh1997f-words#@kh1997f#95.18#95.42
997	/	/	PUNCT	_	_	_	_	_	@kh1997f-words#@kh1997f#95.42#95.66
998	в	в	ADP	_	_	_	_	_	@kh1997f-words#@kh1997f#95.66#95.9
999	художку	художка	NOUN	_	Animacy=Inan|Case=Acc|Gender=Fem|Number=Sing	_	_	_	@kh1997f-words#@kh1997f#95.9#96.14
1000	-	-	PUNCT	_	_	_	_	_	@kh1997f-words#@kh1997f#94.94#95.18
1001	то	то	PRON	_	Animacy=Inan|Case=Nom|Gender=Neut|Number=Sing	_	_	_	@kh1997f-words#@kh1997f#109.56#109.784
1002	есть	быть	VERB	_	Aspect=Imp|Mood=Ind|Number=Sing|Person=3|Tense=Pres|VerbForm=Fin|Voice=Act	_	_	_	@kh1997f-words#@kh1997f#109.784#110.008
1003	ты	ты	PRON	_	Case=Nom|Number=Sing|Person=2	_	_	_	@kh1997f-words#@kh1997f#110.008#110.232
1004	учился	учиться	VERB	_	Aspect=Imp|Gender=Masc|Mood=Ind|Number=Sing|Tense=Past|VerbForm=Fin|Voice=Mid	_	_	_	@kh1997f-words#@kh1997f#110.232#110.456
1005	на	на	ADP	_	_	_	_	_	@kh1997f-words#@kh1997f#110.456#110.68
1006	два	два	NUM	_	Animacy=Inan|Case=Acc|Gender=Masc	_	_	_	@kh1997f-words#@kh1997f#110.68#110.904
1007	вуза	вуз	NOUN	_	Animacy=Inan|Case=Gen|Gender=Masc|Number=Sing	_	_	_	@kh1997f-words#@kh1997f#110.904#111.13
1008	ой	ой	INTJ	_	_	_	_	_	@kh1997f-words#@kh1997f#139.92#140.127
1009	мое	мой	DET	_	Case=Acc|Gender=Neut|Number=Sing	_	_	_	@kh1997f-words#@kh1997f#140.127#140.334
1010	любимое	любимый	ADJ	_	Case=Acc|Degree=Pos|Gender=Neut|Number=Sing	_	_	_	@kh1997f-words#@kh1997f#140.334#140.541
1011	/	/	PUNCT	_	_	_	_	_	@kh1997f-words#@kh1997f#140.541#140.748
1012	давай	давать	VERB	_	Aspect=Imp|Mood=Imp|Number=Sing|Person=2|VerbForm=Fin|Voice=Act	_	_	_	@kh1997f-words#@kh1997f#140.748#140.955
1013	не	не	PART	_	_	_	_	_	@kh1997f-words#@kh1997f#140.955#141.162
1014	будем	быть	AUX	_	Aspect=Imp|Mood=Ind|Number=Plur|Person=1|Tense=Pres|VerbForm=Fin|Voice=Act	_	_	_	@kh1997f-words#@kh1997f#141.162#141.369
1015	на	на	ADP	_	_	_	_	_	@kh1997f-words#@kh1997f#141.369#141.576
1016	больное	больное	NOUN	_	Animacy=Inan|Case=Acc|Gender=Neut|Number=Sing	_	_	_	@kh1997f-words#@kh1997f#141.576#141.79
1017	ну	ну	PART	_	_	_	_	_	@kh1997f-words#@kh1997f#142.16#142.504
1018	ты	ты	PRON	_	Case=Nom|Number=Sing|Person=2	_	_	_	@kh1997f-words#@kh1997f#142.504#142.848
1019	в	в	ADP	_	_	_	_	_	@kh1997f-words#@kh1997f#142.848#143.192
1020	итоге	итог	NOUN	_	Animacy=Inan|Case=Loc|Gender=Masc|Number=Sing	_	_	_	@kh1997f-words#@kh1997f#143.192#143.536
1021	доучился	доучиться	VERB	_	Aspect=Perf|Gender=Masc|Mood=Ind|Number=Sing|Tense=Past|VerbForm=Fin|Voice=Mid	_	_	_	@kh1997f-words#@kh1997f#143.536#143.87
1022	?	?	PUNCT	_	_	_	_	_	@kh1997f-words#@kh1997f#143.536#143.88
1023	и	и	CCONJ	_	_	_	_	_	@kh1997f-words#@kh1997f#148.08#148.358
1024	что	что	PRON	_	Case=Acc	_	_	_	@kh1997f-words#@kh1997f#148.358#148.636
1025	тебе	ты	PRON	_	Case=Dat|Number=Sing|Person=2	_	_	_	@kh1997f-words#@kh1997f#148.636#148.914
1026	родители	родитель	NOUN	_	Animacy=Anim|Case=Nom|Gender=Masc|Number=Plur	_	_	_	@kh1997f-words#@kh1997f#148.914#149.192
1027	сказали	сказали	PUNCT	_	Aspect=Perf|Mood=Ind|Number=Plur|Tense=Past|VerbForm=Fin|Voice=Act	_	_	_	@kh1997f-words#@kh1997f#149.192#149.47
1028	?	?	PUNCT	_	_	_	_	_	@kh1997f-words#@kh1997f#143.536#143.88
1029	добро	добро	NOUN	_	Animacy=Inan|Case=Acc|Gender=Neut|Number=Sing	_	_	_	@kh1997f-words#@kh1997f#207.54#207.871
1030	пожаловать	пожаловать	VERB	_	Aspect=Imp|VerbForm=Inf|Voice=Act	_	_	_	@kh1997f-words#@kh1997f#207.871#208.202
1031	в	в	ADP	_	_	_	_	_	@kh1997f-words#@kh1997f#208.202#208.533
1032	российские	российский	ADJ	_	Animacy=Inan|Case=Acc|Degree=Pos|Number=Plur	_	_	_	@kh1997f-words#@kh1997f#208.533#208.864
1033	реалии	реалия	NOUN	_	Animacy=Inan|Case=Acc|Gender=Fem|Number=Plur	_	_	_	@kh1997f-words#@kh1997f#208.864#209.195
1034	просто	просто	PART	_	_	_	_	_	@kh1997f-words#@kh1997f#209.195#209.53
1035	угу	угу	INTJ	_	_	_	_	_	@kh1997f-words#@kh1997f#217.54#217.85
1036	как	как	SCONJ	_	_	_	_	_	@kh1997f-words#@kh1997f#231.15#231.504
1037	вообще	вообще	ADV	_	_	_	_	_	@kh1997f-words#@kh1997f#231.504#231.858
1038	от	от	ADP	_	_	_	_	_	@kh1997f-words#@kh1997f#231.858#232.212
1039	портрета	портрет	NOUN	_	Animacy=Inan|Case=Gen|Gender=Masc|Number=Sing	_	_	_	@kh1997f-words#@kh1997f#232.212#232.566
1040	вообще	вообще	ADV	_	_	_	_	_	@kh1997f-words#@kh1997f#232.566#232.92
1041	от	от	ADP	_	_	_	_	_	@kh1997f-words#@kh1997f#232.92#233.274
1042	рисунка	рисунок	NOUN	_	Animacy=Inan|Case=Gen|Gender=Masc|Number=Sing	_	_	_	@kh1997f-words#@kh1997f#233.274#233.628
1043	ты	ты	PRON	_	Case=Nom|Number=Sing|Person=2	_	_	_	@kh1997f-words#@kh1997f#233.628#233.982
1044	перешел	перейти	VERB	_	Aspect=Perf|Gender=Masc|Mood=Ind|Number=Sing|Tense=Past|VerbForm=Fin|Voice=Act	_	_	_	@kh1997f-words#@kh1997f#233.982#234.336
1045	к	к	ADP	_	_	_	_	_	@kh1997f-words#@kh1997f#234.336#234.69
1046	/	/	PUNCT	_	_	_	_	_	@kh1997f-words#@kh1997f#234.69#235.044
1047	эээ	эээ	INTJ	_	_	_	_	_	@kh1997f-words#@kh1997f#235.044#235.398
1048	/	/	PUNCT	_	_	_	_	_	@kh1997f-words#@kh1997f#235.398#235.752
1049	рисованию	рисование	NOUN	_	Animacy=Inan|Case=Dat|Gender=Neut|Number=Sing	_	_	_	@kh1997f-words#@kh1997f#235.752#236.106
1050	макияжа	макияж	NOUN	_	Animacy=Inan|Case=Gen|Gender=Masc|Number=Sing	_	_	_	@kh1997f-words#@kh1997f#236.106#236.46
1051	можно	можно	PRED	_	_	_	_	_	@kh1997f-words#@kh1997f#236.46#236.613
1052	так	так	ADV	_	_	_	_	_	@kh1997f-words#@kh1997f#236.613#236.766
1053	сказать	сказать	VERB	_	Aspect=Perf|VerbForm=Inf|Voice=Act	_	_	_	@kh1997f-words#@kh1997f#236.766#236.919
1054	?	?	PUNCT	_	_	_	_	_	@kh1997f-words#@kh1997f#143.536#143.88
1055	/	/	PUNCT	_	_	_	_	_	@kh1997f-words#@kh1997f#236.919#237.072
1056	ты	ты	PRON	_	Case=Nom|Number=Sing|Person=2	_	_	_	@kh1997f-words#@kh1997f#237.072#237.225
1057	не	не	PART	_	_	_	_	_	@kh1997f-words#@kh1997f#237.225#237.378
1058	убьешь	убить	VERB	_	Aspect=Perf|Mood=Ind|Number=Sing|Person=2|Tense=Fut|VerbForm=Fin|Voice=Act	_	_	_	@kh1997f-words#@kh1997f#237.378#237.531
1059	меня	я	PRON	_	Case=Acc|Number=Sing|Person=1	_	_	_	@kh1997f-words#@kh1997f#237.531#237.69
1060	в	в	ADP	_	_	_	_	_	@kh1997f-words#@kh1997f#246.13#246.42
1061	России	Россия	PROPN	_	Animacy=Inan|Case=Loc|Gender=Fem|Number=Sing	_	_	_	@kh1997f-words#@kh1997f#246.42#246.71
1062	или	или	CCONJ	_	_	_	_	_	@kh1997f-words#@kh1997f#246.71#247.0
1063	вообще	вообще	ADV	_	_	_	_	_	@kh1997f-words#@kh1997f#247.0#247.29
1064	а	а	CCONJ	_	_	_	_	_	@kh1997f-words#@kh1997f#273.27#273.555
1065	чего	что	PRON	_	Case=Gen	_	_	_	@kh1997f-words#@kh1997f#273.555#273.84
1066	ты	ты	PRON	_	Case=Nom|Number=Sing|Person=2	_	_	_	@kh1997f-words#@kh1997f#273.84#274.125
1067	ожидал	ожидать	VERB	_	Aspect=Imp|Gender=Masc|Mood=Ind|Number=Sing|Tense=Past|VerbForm=Fin|Voice=Act	_	_	_	@kh1997f-words#@kh1997f#274.125#274.41
1068	вообще	вообще	ADV	_	_	_	_	_	@kh1997f-words#@kh1997f#274.41#274.695
1069	когда	когда	SCONJ	_	_	_	_	_	@kh1997f-words#@kh1997f#274.695#274.98
1070	вот	вот	PART	_	_	_	_	_	@kh1997f-words#@kh1997f#274.98#275.265
1071	шел	идти	VERB	_	Aspect=Imp|Gender=Masc|Mood=Ind|Number=Sing|Tense=Past|VerbForm=Fin|Voice=Act	_	_	_	@kh1997f-words#@kh1997f#275.265#275.55
1072	в	в	ADP	_	_	_	_	_	@kh1997f-words#@kh1997f#275.55#275.835
1073	вуз	вуз	NOUN	_	Animacy=Inan|Case=Acc|Gender=Masc|Number=Sing	_	_	_	@kh1997f-words#@kh1997f#275.835#276.12
1074	что	что	SCONJ	_	_	_	_	_	@kh1997f-words#@kh1997f#276.12#276.405
1075	ты	ты	PRON	_	Case=Nom|Number=Sing|Person=2	_	_	_	@kh1997f-words#@kh1997f#276.405#276.69
1076	вот	вот	PART	_	_	_	_	_	@kh1997f-words#@kh1997f#276.69#276.975
1077	как	как	ADV	_	_	_	_	_	@kh1997f-words#@kh1997f#276.975#277.26
1078	ты	ты	PRON	_	Case=Nom|Number=Sing|Person=2	_	_	_	@kh1997f-words#@kh1997f#277.26#277.545
1079	себе	себя	PRON	_	Case=Dat	_	_	_	@kh1997f-words#@kh1997f#277.545#277.83
1080	представлял	представлять	VERB	_	Aspect=Imp|Gender=Masc|Mood=Ind|Number=Sing|Tense=Past|VerbForm=Fin|Voice=Act	_	_	_	@kh1997f-words#@kh1997f#277.83#278.115
1081	вообще	вообще	ADV	_	_	_	_	_	@kh1997f-words#@kh1997f#278.115#278.4
1082	обучение	обучение	NOUN	_	Animacy=Inan|Case=Acc|Gender=Neut|Number=Sing	_	_	_	@kh1997f-words#@kh1997f#278.4#278.7
1083	угу	угу	INTJ	_	_	_	_	_	@kh1997f-words#@kh1997f#280.83#281.341
