1	я	я	PRON	_	Case=Nom|Number=Sing|Person=1	_	_	_	@is1984f-words#@is1984f#2.261#2.549
2	бы	бы	PART	_	_	_	_	_	@is1984f-words#@is1984f#2.549#2.837
3	хотела	хотеть	VERB	_	Aspect=Imp|Gender=Fem|Mood=Ind|Number=Sing|Tense=Past|VerbForm=Fin|Voice=Act	_	_	_	@is1984f-words#@is1984f#2.837#3.125
4	там	там	ADV	_	_	_	_	_	@is1984f-words#@is1984f#3.125#3.413
5	/	/	PUNCT	_	_	_	_	_	@is1984f-words#@is1984f#3.413#3.701
6	отмотать	отмотать	VERB	_	Aspect=Perf|VerbForm=Inf|Voice=Act	_	_	_	@is1984f-words#@is1984f#3.701#3.989
7	какое-то	какой-то	DET	_	Case=Acc|Gender=Neut|Number=Sing	_	_	_	@is1984f-words#@is1984f#3.989#4.277
8	количество	количество	NOUN	_	Animacy=Inan|Case=Acc|Gender=Neut|Number=Sing	_	_	_	@is1984f-words#@is1984f#4.277#4.565
9	лет	год	NOUN	_	Animacy=Inan|Case=Gen|Gender=Masc|Number=Plur	_	_	_	@is1984f-words#@is1984f#4.565#4.853
10	назад	назад	ADV	_	_	_	_	_	@is1984f-words#@is1984f#4.853#5.141
11	/	/	PUNCT	_	_	_	_	_	@is1984f-words#@is1984f#5.141#5.429
12	и	и	CCONJ	_	_	_	_	_	@is1984f-words#@is1984f#5.429#5.717
13	вспомнить	вспомнить	VERB	_	Aspect=Perf|VerbForm=Inf|Voice=Act	_	_	_	@is1984f-words#@is1984f#5.717#6.005
14	тебя	ты	PRON	_	Case=Acc|Number=Sing|Person=2	_	_	_	@is1984f-words#@is1984f#6.005#6.293
15	/	/	PUNCT	_	_	_	_	_	@is1984f-words#@is1984f#6.293#6.581
16	ты	ты	PRON	_	Case=Nom|Number=Sing|Person=2	_	_	_	@is1984f-words#@is1984f#6.581#6.869
17	там	там	PART	_	_	_	_	_	@is1984f-words#@is1984f#6.869#7.157
18	часто	часто	ADV	_	_	_	_	_	@is1984f-words#@is1984f#7.157#7.445
19	рассказываешь	рассказывать	VERB	_	Aspect=Imp|Mood=Ind|Number=Sing|Person=2|Tense=Pres|VerbForm=Fin|Voice=Act	_	_	_	@is1984f-words#@is1984f#7.445#7.733
20	вот	вот	PART	_	_	_	_	_	@is1984f-words#@is1984f#7.733#8.021
21	я	я	PRON	_	Case=Nom|Number=Sing|Person=1	_	_	_	@is1984f-words#@is1984f#8.021#8.309
22	там	там	PART	_	_	_	_	_	@is1984f-words#@is1984f#8.309#8.597
23	/	/	PUNCT	_	_	_	_	_	@is1984f-words#@is1984f#8.597#8.885
24	вообще	вообще	ADV	_	_	_	_	_	@is1984f-words#@is1984f#8.885#9.173
25	болела	болеть	VERB	_	Aspect=Imp|Gender=Fem|Mood=Ind|Number=Sing|Tense=Past|VerbForm=Fin|Voice=Act	_	_	_	@is1984f-words#@is1984f#9.173#9.461
26	КВН	КВН	PROPN	_	Animacy=Inan|Case=Acc|Gender=Masc|Number=Sing	_	_	_	@is1984f-words#@is1984f#9.461#9.749
27	/	/	PUNCT	_	_	_	_	_	@is1984f-words#@is1984f#9.749#10.037
28	и	и	CCONJ	_	_	_	_	_	@is1984f-words#@is1984f#10.037#10.325
29	вообще	вообще	ADV	_	_	_	_	_	@is1984f-words#@is1984f#10.325#10.613
30	песни	песня	NOUN	_	Animacy=Inan|Case=Nom|Gender=Fem|Number=Plur	_	_	_	@is1984f-words#@is1984f#10.613#10.901
31	это	это	PART	_	_	_	_	_	@is1984f-words#@is1984f#10.901#11.189
32	всё	всё	DET	_	Case=Acc|Gender=Neut|Number=Sing	_	_	_	@is1984f-words#@is1984f#11.189#11.477
33	случайно	случайно	ADV	_	Degree=Pos	_	_	_	@is1984f-words#@is1984f#11.477#11.765
34	реально	реально	ADV	_	Degree=Pos	_	_	_	@is1984f-words#@is1984f#11.765#12.053
35	случайно	случайно	ADV	_	Degree=Pos	_	_	_	@is1984f-words#@is1984f#12.053#12.341
36	?	?	PUNCT	_	_	_	_	_	@is1984f-words#@is1984f#12.341#12.638
37	они	они	PRON	_	Case=Nom|Number=Plur|Person=3	_	_	_	@is1984f-words#@is1984f#12.653#12.906
38	никогда	никогда	ADV	_	_	_	_	_	@is1984f-words#@is1984f#12.906#13.159
39	тебя	ты	PRON	_	Case=Acc|Number=Sing|Person=2	_	_	_	@is1984f-words#@is1984f#13.159#13.412
40	/	/	PUNCT	_	_	_	_	_	@is1984f-words#@is1984f#13.412#13.665
41	ты	ты	PRON	_	Case=Nom|Number=Sing|Person=2	_	_	_	@is1984f-words#@is1984f#13.665#13.918
42	никогда	никогда	ADV	_	_	_	_	_	@is1984f-words#@is1984f#13.918#14.171
43	себе	себя	PRON	_	Case=Dat	_	_	_	@is1984f-words#@is1984f#14.171#14.424
44	не	не	PART	_	_	_	_	_	@is1984f-words#@is1984f#14.424#14.677
45	представляла	представлять	VERB	_	Aspect=Imp|Gender=Fem|Mood=Ind|Number=Sing|Tense=Past|VerbForm=Fin|Voice=Act	_	_	_	@is1984f-words#@is1984f#14.677#14.93
46	что	что	SCONJ	_	Case=Acc	_	_	_	@is1984f-words#@is1984f#14.93#15.183
47	я	я	PRON	_	Case=Nom|Number=Sing|Person=1	_	_	_	@is1984f-words#@is1984f#15.183#15.436
48	хочу	хотеть	VERB	_	Aspect=Imp|Mood=Ind|Number=Sing|Person=1|Tense=Pres|VerbForm=Fin|Voice=Act	_	_	_	@is1984f-words#@is1984f#15.436#15.689
49	с	с	ADP	_	_	_	_	_	@is1984f-words#@is1984f#15.689#15.942
50	микрофоном	микрофон	NOUN	_	Animacy=Inan|Case=Ins|Gender=Masc|Number=Sing	_	_	_	@is1984f-words#@is1984f#15.942#16.195
51	стоять	стоять	VERB	_	Aspect=Imp|VerbForm=Inf|Voice=Act	_	_	_	@is1984f-words#@is1984f#16.195#16.448
52	на	на	ADP	_	_	_	_	_	@is1984f-words#@is1984f#16.448#16.701
53	сцене	сцена	NOUN	_	Animacy=Inan|Case=Loc|Gender=Fem|Number=Sing	_	_	_	@is1984f-words#@is1984f#16.701#16.954
54	/	/	PUNCT	_	_	_	_	_	@is1984f-words#@is1984f#16.954#17.207
55	тебя	ты	PRON	_	Case=Acc|Number=Sing|Person=2	_	_	_	@is1984f-words#@is1984f#17.207#17.46
56	вообще	вообще	ADV	_	_	_	_	_	@is1984f-words#@is1984f#17.46#17.713
57	это	это	PRON	_	Animacy=Inan|Case=Acc|Gender=Neut|Number=Sing	_	_	_	@is1984f-words#@is1984f#17.713#17.966
58	всё	всё	DET	_	Case=Acc|Gender=Neut|Number=Sing	_	_	_	@is1984f-words#@is1984f#17.966#18.219
59	не	не	PART	_	_	_	_	_	@is1984f-words#@is1984f#18.219#18.472
60	за...	за	X	_	_	_	_	_	@is1984f-words#@is1984f#18.472#18.746
61	слушай	слушать	VERB	_	Aspect=Perf|Mood=Imp|Number=Sing|Person=2|VerbForm=Fin|Voice=Act	_	_	_	@is1984f-words#@is1984f#102.6#102.842
62	я	я	PRON	_	Case=Nom|Number=Sing|Person=1	_	_	_	@is1984f-words#@is1984f#102.842#103.084
63	тоже	тоже	PART	_	_	_	_	_	@is1984f-words#@is1984f#103.084#103.326
64	занималась	заниматься	VERB	_	Aspect=Imp|Gender=Fem|Mood=Ind|Number=Sing|Tense=Past|VerbForm=Fin|Voice=Mid	_	_	_	@is1984f-words#@is1984f#103.326#103.568
65	танцами	танец	NOUN	_	Animacy=Anim|Case=Ins|Gender=Masc|Number=Plur	_	_	_	@is1984f-words#@is1984f#103.568#103.81
66	/	/	PUNCT	_	_	_	_	_	@is1984f-words#@is1984f#103.81#104.052
67	и	и	CCONJ	_	_	_	_	_	@is1984f-words#@is1984f#104.052#104.294
68	тоже	тоже	PART	_	_	_	_	_	@is1984f-words#@is1984f#104.294#104.536
69	понимала	понимать	VERB	_	Aspect=Imp|Gender=Fem|Mood=Ind|Number=Sing|Tense=Past|VerbForm=Fin|Voice=Act	_	_	_	@is1984f-words#@is1984f#104.536#104.778
70	ну	ну	PART	_	_	_	_	_	@is1984f-words#@is1984f#104.778#105.02
71	в	в	ADP	_	_	_	_	_	@is1984f-words#@is1984f#105.02#105.262
72	команде	команда	NOUN	_	Animacy=Inan|Case=Loc|Gender=Fem|Number=Sing	_	_	_	@is1984f-words#@is1984f#105.262#105.504
73	Тодес	Тодес	PROPN	_	Animacy=Inan|Case=Nom|Gender=Masc|Number=Sing	_	_	_	@is1984f-words#@is1984f#105.504#105.746
74	ээ	эээ	INTJ	_	_	_	_	_	@is1984f-words#@is1984f#105.746#105.988
75	/	/	PUNCT	_	_	_	_	_	@is1984f-words#@is1984f#105.988#106.23
76	на	на	ADP	_	_	_	_	_	@is1984f-words#@is1984f#106.23#106.472
77	тот	тот	DET	_	Case=Acc|Gender=Masc|Number=Sing	_	_	_	@is1984f-words#@is1984f#106.472#106.714
78	момент	момент	NOUN	_	Animacy=Inan|Case=Acc|Gender=Masc|Number=Sing	_	_	_	@is1984f-words#@is1984f#106.714#106.956
79	очень	очень	ADV	_	_	_	_	_	@is1984f-words#@is1984f#106.956#107.198
80	популярной	популярный	ADJ	_	Case=Ins|Degree=Pos|Gender=Fem|Number=Sing	_	_	_	@is1984f-words#@is1984f#107.198#107.44
81	я	я	PRON	_	Case=Nom|Number=Sing|Person=1	_	_	_	@is1984f-words#@is1984f#107.44#107.682
82	не	не	PART	_	_	_	_	_	@is1984f-words#@is1984f#107.682#107.924
83	окажусь	оказаться	VERB	_	Aspect=Perf|Mood=Ind|Number=Sing|Person=1|Tense=Fut|VerbForm=Fin|Voice=Mid	_	_	_	@is1984f-words#@is1984f#107.924#108.166
84	поэтому	поэтому	ADV	_	_	_	_	_	@is1984f-words#@is1984f#108.166#108.408
85	я	я	PRON	_	Case=Nom|Number=Sing|Person=1	_	_	_	@is1984f-words#@is1984f#108.408#108.65
86	танцую	танцевать	VERB	_	Aspect=Imp|Mood=Ind|Number=Sing|Person=1|Tense=Pres|VerbForm=Fin|Voice=Act	_	_	_	@is1984f-words#@is1984f#108.65#108.892
87	для	для	ADP	_	_	_	_	_	@is1984f-words#@is1984f#108.892#109.134
88	себя	себя	PRON	_	Case=Gen	_	_	_	@is1984f-words#@is1984f#109.134#109.376
89	/	/	PUNCT	_	_	_	_	_	@is1984f-words#@is1984f#109.376#109.618
90	а	а	CCONJ	_	_	_	_	_	@is1984f-words#@is1984f#109.618#109.86
91	поду...	пойти	VERB	_	_	_	_	_	@is1984f-words#@is1984f#109.86#110.102
92	пойду	пойти	VERB	_	Aspect=Perf|Mood=Ind|Number=Sing|Person=1|Tense=Fut|VerbForm=Fin|Voice=Act	_	_	_	@is1984f-words#@is1984f#110.102#110.344
93	учиться	учиться	VERB	_	Aspect=Imp|VerbForm=Inf|Voice=Mid	_	_	_	@is1984f-words#@is1984f#110.344#110.586
94	чему-то	что-то	PRON	_	Case=Dat	_	_	_	@is1984f-words#@is1984f#110.586#110.828
95	другому	другой	ADJ	_	Case=Dat|Degree=Pos|Gender=Masc|Number=Sing	_	_	_	@is1984f-words#@is1984f#110.828#111.07
96	у	у	ADP	_	_	_	_	_	@is1984f-words#@is1984f#111.07#111.312
97	тебя	ты	PRON	_	Case=Gen|Number=Sing|Person=2	_	_	_	@is1984f-words#@is1984f#111.312#111.554
98	ж	же	PART	_	_	_	_	_	@is1984f-words#@is1984f#111.554#111.796
99	/	/	PUNCT	_	_	_	_	_	@is1984f-words#@is1984f#111.796#112.038
100	даже	даже	PART	_	_	_	_	_	@is1984f-words#@is1984f#112.038#112.28
101	/	/	PUNCT	_	_	_	_	_	@is1984f-words#@is1984f#112.28#112.522
102	такого	такой	DET	_	Case=Gen|Gender=Masc|Number=Sing	_	_	_	@is1984f-words#@is1984f#112.522#112.764
103	/	/	PUNCT	_	_	_	_	_	@is1984f-words#@is1984f#112.764#113.006
104	ты	ты	PRON	_	Case=Nom|Number=Sing|Person=2	_	_	_	@is1984f-words#@is1984f#113.006#113.248
105	же	же	PART	_	_	_	_	_	@is1984f-words#@is1984f#113.248#113.49
106	не	не	PART	_	_	_	_	_	@is1984f-words#@is1984f#113.49#113.732
107	пошла	пойти	VERB	_	Aspect=Perf|Gender=Fem|Mood=Ind|Number=Sing|Tense=Past|VerbForm=Fin|Voice=Act	_	_	_	@is1984f-words#@is1984f#113.732#113.974
108	учиться	учиться	VERB	_	Aspect=Imp|VerbForm=Inf|Voice=Mid	_	_	_	@is1984f-words#@is1984f#113.974#114.216
109	на	на	ADP	_	_	_	_	_	@is1984f-words#@is1984f#114.216#114.458
110	экономиста	экономист	NOUN	_	Animacy=Anim|Case=Acc|Gender=Masc|Number=Sing	_	_	_	@is1984f-words#@is1984f#114.458#114.7
111	и	и	CCONJ	_	_	_	_	_	@is1984f-words#@is1984f#114.7#114.942
112	юриста	юрист	NOUN	_	Animacy=Anim|Case=Acc|Gender=Masc|Number=Sing	_	_	_	@is1984f-words#@is1984f#114.942#115.184
113	ну	ну	PART	_	_	_	_	_	@is1984f-words#@is1984f#115.184#115.426
114	вот	вот	PART	_	_	_	_	_	@is1984f-words#@is1984f#115.426#115.668
115	чтобы	чтобы	SCONJ	_	_	_	_	_	@is1984f-words#@is1984f#115.668#115.91
116	там	там	PART	_	_	_	_	_	@is1984f-words#@is1984f#115.91#116.152
117	все	весь	DET	_	Case=Nom|Number=Plur	_	_	_	@is1984f-words#@is1984f#116.152#116.42
118	папа	папа	NOUN	_	Animacy=Anim|Case=Nom|Gender=Masc|Number=Sing	_	_	_	@is1984f-words#@is1984f#152.87#153.181
119	и	и	CCONJ	_	_	_	_	_	@is1984f-words#@is1984f#153.181#153.492
120	мама	мама	NOUN	_	Animacy=Anim|Case=Nom|Gender=Fem|Number=Sing	_	_	_	@is1984f-words#@is1984f#153.492#153.803
121	не	не	PART	_	_	_	_	_	@is1984f-words#@is1984f#153.803#154.114
122	говорили	говорить	VERB	_	Aspect=Imp|Mood=Ind|Number=Plur|Tense=Past|VerbForm=Fin|Voice=Act	_	_	_	@is1984f-words#@is1984f#154.114#154.425
123	?	?	PUNCT	_	_	_	_	_	@is1984f-words#@is1984f#154.425#154.736
124	/	/	PUNCT	_	_	_	_	_	@is1984f-words#@is1984f#154.736#155.047
125	Лиз	Лиз	PROPN	_	Animacy=Anim|Case=Voc|Gender=Fem|Number=Sing	_	_	_	@is1984f-words#@is1984f#155.047#155.358
126	иди	идти	VERB	_	Aspect=Imp|Mood=Imp|Number=Sing|Person=2|VerbForm=Fin|Voice=Act	_	_	_	@is1984f-words#@is1984f#155.358#155.669
127	высшее	высший	ADJ	_	Case=Acc|Degree=Pos|Gender=Neut|Number=Sing	_	_	_	@is1984f-words#@is1984f#155.669#155.98
128	образование	образование	NOUN	_	Animacy=Inan|Case=Acc|Gender=Neut|Number=Sing	_	_	_	@is1984f-words#@is1984f#155.98#156.291
129	получай	получать	VERB	_	Aspect=Imp|Mood=Imp|Number=Sing|Person=2|VerbForm=Fin|Voice=Act	_	_	_	@is1984f-words#@is1984f#156.291#156.61
130	ну	ну	PART	_	_	_	_	_	@is1984f-words#@is1984f#159.97#160.272
131	ладно	ладно	PART	_	_	_	_	_	@is1984f-words#@is1984f#160.272#160.574
132	/	/	PUNCT	_	_	_	_	_	@is1984f-words#@is1984f#160.574#160.876
133	ну	ну	PART	_	_	_	_	_	@is1984f-words#@is1984f#160.876#161.178
134	я	я	PRON	_	Case=Nom|Number=Sing|Person=1	_	_	_	@is1984f-words#@is1984f#161.178#161.48
135	бесплатно	бесплатно	ADV	_	Degree=Pos	_	_	_	@is1984f-words#@is1984f#161.48#161.782
136	училась	учиться	VERB	_	Aspect=Imp|Gender=Fem|Mood=Ind|Number=Sing|Tense=Past|VerbForm=Fin|Voice=Mid	_	_	_	@is1984f-words#@is1984f#161.782#162.084
137	что	что	PRON	_	Case=Acc	_	_	_	@is1984f-words#@is1984f#162.084#162.386
138	значит	значить	VERB	_	Aspect=Imp|Mood=Ind|Number=Sing|Person=3|Tense=Pres|VerbForm=Fin|Voice=Act	_	_	_	@is1984f-words#@is1984f#162.386#162.688
139	требует	требовать	VERB	_	Aspect=Imp|Mood=Ind|Number=Sing|Person=3|Tense=Pres|VerbForm=Fin|Voice=Act	_	_	_	@is1984f-words#@is1984f#162.688#162.99
140	бабок	бабки	NOUN	_	Animacy=Inan|Case=Gen|Gender=Fem|Number=Plur	_	_	_	@is1984f-words#@is1984f#162.99#163.3
141	нет	нет	PART	_	Aspect=Imp|Mood=Ind|Number=Sing|Person=3|Tense=Pres|VerbForm=Fin|Voice=Act	_	_	_	@is1984f-words#@is1984f#167.5#168.155
142	#смеётся#	#смеётся#	NOUN	_	Animacy=Inan|Case=Gen|Gender=Fem|Number=Sing	_	_	_	@is1984f-words#@is1984f#168.155#168.81
143	ну	ну	PART	_	_	_	_	_	@is1984f-words#@is1984f#169.033#169.287
144	я	я	PRON	_	Case=Nom|Number=Sing|Person=1	_	_	_	@is1984f-words#@is1984f#169.287#169.541
145	не	не	PART	_	_	_	_	_	@is1984f-words#@is1984f#169.541#169.795
146	платила	платить	VERB	_	Aspect=Imp|Gender=Fem|Mood=Ind|Number=Sing|Tense=Past|VerbForm=Fin|Voice=Act	_	_	_	@is1984f-words#@is1984f#169.795#170.049
147	ну	ну	PART	_	_	_	_	_	@is1984f-words#@is1984f#170.049#170.303
148	ладно	ладно	PART	_	_	_	_	_	@is1984f-words#@is1984f#170.303#170.557
149	ну	ну	PART	_	_	_	_	_	@is1984f-words#@is1984f#170.557#170.811
150	мы	мы	PRON	_	Case=Nom|Number=Plur|Person=1	_	_	_	@is1984f-words#@is1984f#170.811#171.065
151	нормально	нормально	ADV	_	Degree=Pos	_	_	_	@is1984f-words#@is1984f#171.065#171.319
152	поступали	поступать	VERB	_	Aspect=Imp|Mood=Ind|Number=Plur|Tense=Past|VerbForm=Fin|Voice=Act	_	_	_	@is1984f-words#@is1984f#171.319#171.573
153	в	в	ADP	_	_	_	_	_	@is1984f-words#@is1984f#171.573#171.827
154	университет	университет	NOUN	_	Animacy=Inan|Case=Acc|Gender=Masc|Number=Sing	_	_	_	@is1984f-words#@is1984f#171.827#172.089
155	то	то	CCONJ	_	_	_	_	_	@is1984f-words#@is1984f#174.978#175.24
156	есть	есть	CCONJ	_	_	_	_	_	@is1984f-words#@is1984f#175.24#175.502
157	на	на	ADP	_	_	_	_	_	@is1984f-words#@is1984f#175.502#175.764
158	тот	тот	DET	_	Case=Acc|Gender=Masc|Number=Sing	_	_	_	@is1984f-words#@is1984f#175.764#176.026
159	момент	момент	NOUN	_	Animacy=Inan|Case=Acc|Gender=Masc|Number=Sing	_	_	_	@is1984f-words#@is1984f#176.026#176.288
160	была	быть	VERB	_	Aspect=Imp|Gender=Fem|Mood=Ind|Number=Sing|Tense=Past|VerbForm=Fin|Voice=Act	_	_	_	@is1984f-words#@is1984f#176.288#176.55
161	коррупция	коррупция	NOUN	_	Animacy=Inan|Case=Nom|Gender=Fem|Number=Sing	_	_	_	@is1984f-words#@is1984f#176.55#176.812
162	везде	везде	ADV	_	_	_	_	_	@is1984f-words#@is1984f#176.812#177.074
163	#смеётся#	#смеётся#	X	_	_	_	_	_	@is1984f-words#@is1984f#177.074#177.34
164	поступить	поступить	VERB	_	Aspect=Perf|VerbForm=Inf|Voice=Act	_	_	_	@is1984f-words#@is1984f#187.307#187.589
165	/	/	PUNCT	_	_	_	_	_	@is1984f-words#@is1984f#187.589#187.871
166	или	или	CCONJ	_	_	_	_	_	@is1984f-words#@is1984f#187.871#188.153
167	прямо	прямо	PART	_	_	_	_	_	@is1984f-words#@is1984f#188.153#188.435
168	учиться	учиться	VERB	_	Aspect=Imp|VerbForm=Inf|Voice=Mid	_	_	_	@is1984f-words#@is1984f#188.435#188.717
169	?	?	PUNCT	_	_	_	_	_	@is1984f-words#@is1984f#188.717#189.0
170	тебя	ты	PRON	_	Case=Acc|Number=Sing|Person=2	_	_	_	@is1984f-words#@is1984f#189.0#189.349
171	бесила	бесить	VERB	_	Aspect=Imp|Gender=Fem|Mood=Ind|Number=Sing|Tense=Past|VerbForm=Fin|Voice=Act	_	_	_	@is1984f-words#@is1984f#189.349#189.698
172	сама	сам	ADJ	_	Case=Nom|Degree=Pos|Gender=Fem|Number=Sing	_	_	_	@is1984f-words#@is1984f#189.698#190.047
173	система	система	NOUN	_	Animacy=Inan|Case=Nom|Gender=Fem|Number=Sing	_	_	_	@is1984f-words#@is1984f#190.047#190.396
174	об...образования	об...образование	NOUN	_	Animacy=Inan|Case=Gen|Gender=Neut|Number=Sing	_	_	_	@is1984f-words#@is1984f#190.396#190.745
175	?	?	PUNCT	_	_	_	_	_	@is1984f-words#@is1984f#190.745#191.098
176	чем	чем	SCONJ	_	_	_	_	_	@is1984f-words#@is1984f#191.137#191.342
177	Лиз	Лиз	PROPN	_	Animacy=Anim|Case=Voc|Gender=Fem|Number=Sing	_	_	_	@is1984f-words#@is1984f#191.342#191.547
178	?	?	PUNCT	_	_	_	_	_	@is1984f-words#@is1984f#191.547#191.753
179	учителя	учитель	NOUN	_	Animacy=Anim|Case=Nom|Gender=Masc|Number=Plur	_	_	_	@is1984f-words#@is1984f#197.934#198.347
180	или	или	CCONJ	_	_	_	_	_	@is1984f-words#@is1984f#198.347#198.76
181	твои	твой	DET	_	Case=Nom|Number=Plur	_	_	_	@is1984f-words#@is1984f#198.76#199.173
182	однокурсники	однокурсник	NOUN	_	Animacy=Anim|Case=Nom|Gender=Masc|Number=Plur	_	_	_	@is1984f-words#@is1984f#199.173#199.586
183	?	?	PUNCT	_	_	_	_	_	@is1984f-words#@is1984f#199.586#200.0
184	ага	ага	INTJ	_	_	_	_	_	@is1984f-words#@is1984f#214.0#214.637
185	да	да	PART	_	_	_	_	_	@is1984f-words#@is1984f#234.953#235.323
186	ну	ну	PART	_	_	_	_	_	@is1984f-words#@is1984f#237.0#237.352
187	я	я	PRON	_	Case=Nom|Number=Sing|Person=1	_	_	_	@is1984f-words#@is1984f#237.352#237.704
188	я	я	PRON	_	Case=Nom|Number=Sing|Person=1	_	_	_	@is1984f-words#@is1984f#237.704#238.056
189	я	я	PRON	_	Case=Nom|Number=Sing|Person=1	_	_	_	@is1984f-words#@is1984f#238.056#238.408
190	правда	правда	ADV	_	_	_	_	_	@is1984f-words#@is1984f#238.408#238.76
191	да	да	PART	_	_	_	_	_	@is1984f-words#@is1984f#238.76#239.112
192	я	я	PRON	_	Case=Nom|Number=Sing|Person=1	_	_	_	@is1984f-words#@is1984f#239.112#239.464
193	исключение	исключение	NOUN	_	Animacy=Inan|Case=Nom|Gender=Neut|Number=Sing	_	_	_	@is1984f-words#@is1984f#239.464#239.816
194	из	из	ADP	_	_	_	_	_	@is1984f-words#@is1984f#239.816#240.168
195	правил	правило	NOUN	_	Animacy=Inan|Case=Gen|Gender=Neut|Number=Plur	_	_	_	@is1984f-words#@is1984f#240.168#240.52
196	потому	потому	ADV	_	_	_	_	_	@is1984f-words#@is1984f#240.52#240.872
197	что	что	SCONJ	_	_	_	_	_	@is1984f-words#@is1984f#240.872#241.224
198	все	весь	DET	_	Case=Nom|Number=Plur	_	_	_	@is1984f-words#@is1984f#241.224#241.576
199	мои	мой	DET	_	Case=Nom|Number=Plur	_	_	_	@is1984f-words#@is1984f#241.576#241.928
200	друзья	друг	NOUN	_	Animacy=Anim|Case=Nom|Gender=Masc|Number=Plur	_	_	_	@is1984f-words#@is1984f#241.928#242.28
201	и	и	CCONJ	_	_	_	_	_	@is1984f-words#@is1984f#242.28#242.632
202	там	там	ADV	_	_	_	_	_	@is1984f-words#@is1984f#242.632#242.984
203	эээ	эээ	NOUN	_	Animacy=Inan|Case=Nom|Gender=Neut|Number=Sing	_	_	_	@is1984f-words#@is1984f#242.984#243.341
204	ага	ага	INTJ	_	_	_	_	_	@is1984f-words#@is1984f#253.926#254.544
205	тогда	тогда	ADV	_	_	_	_	_	@is1984f-words#@is1984f#269.057#269.528
206	рэпе...	рэпе…	X	_	_	_	_	_	@is1984f-words#@is1984f#269.528#270.0
207	#смеётся#	#смеётся#	X	_	_	_	_	_	@is1984f-words#@is1984f#271.923#273.936
208	да	да	PART	_	_	_	_	_	@is1984f-words#@is1984f#286.771#287.066
209	с	с	ADP	_	_	_	_	_	@is1984f-words#@is1984f#287.066#287.361
210	возрастом	возраст	NOUN	_	Animacy=Inan|Case=Ins|Gender=Masc|Number=Sing	_	_	_	@is1984f-words#@is1984f#287.361#287.656
211	откуда-то	откуда-то	ADV	_	_	_	_	_	@is1984f-words#@is1984f#287.656#287.951
212	появляется	появляться	VERB	_	Aspect=Imp|Mood=Ind|Number=Sing|Person=3|Tense=Pres|VerbForm=Fin|Voice=Mid	_	_	_	@is1984f-words#@is1984f#287.951#288.246
213	интерес	интерес	NOUN	_	Animacy=Inan|Case=Nom|Gender=Masc|Number=Sing	_	_	_	@is1984f-words#@is1984f#288.246#288.541
214	к	к	ADP	_	_	_	_	_	@is1984f-words#@is1984f#288.541#288.836
215	этому	это	DET	_	Case=Dat|Gender=Neut|Number=Sing	_	_	_	@is1984f-words#@is1984f#288.836#289.131
216	всему	все	PRON	_	Animacy=Inan|Case=Dat|Gender=Neut|Number=Sing	_	_	_	@is1984f-words#@is1984f#289.131#289.426
217	заметила	заметить	VERB	_	Aspect=Perf|Gender=Fem|Mood=Ind|Number=Sing|Tense=Past|VerbForm=Fin|Voice=Act	_	_	_	@is1984f-words#@is1984f#289.426#289.721
218	да	да	CCONJ	_	_	_	_	_	@is1984f-words#@is1984f#289.721#290.023
219	и	и	PART	_	_	_	_	_	@is1984f-words#@is1984f#291.515#291.881
220	желание	желание	NOUN	_	Animacy=Inan|Case=Nom|Gender=Neut|Number=Sing	_	_	_	@is1984f-words#@is1984f#291.881#292.247
221	#смеётся#	#смеётся#	X	_	_	_	_	_	@is1984f-words#@is1984f#300.89#301.755
222	да	да	PART	_	_	_	_	_	@evi1982f-words#@evi1982f#12.823#13.43
223	нет	нет	PART	_	Aspect=Imp|Mood=Ind|Number=Sing|Person=3|Tense=Pres|VerbForm=Fin|Voice=Act	_	_	_	@evi1982f-words#@evi1982f#17.292#17.586
224	в	в	ADP	_	_	_	_	_	@evi1982f-words#@evi1982f#17.586#17.88
225	смысле	смысл	NOUN	_	Animacy=Inan|Case=Loc|Gender=Masc|Number=Sing	_	_	_	@evi1982f-words#@evi1982f#17.88#18.174
226	конечно	конечно	ADV	_	_	_	_	_	@evi1982f-words#@evi1982f#18.174#18.468
227	я	я	PRON	_	Case=Nom|Number=Sing|Person=1	_	_	_	@evi1982f-words#@evi1982f#18.468#18.762
228	представляла	представлять	VERB	_	Aspect=Imp|Gender=Fem|Mood=Ind|Number=Sing|Tense=Past|VerbForm=Fin|Voice=Act	_	_	_	@evi1982f-words#@evi1982f#18.762#19.056
229	/	/	PUNCT	_	_	_	_	_	@evi1982f-words#@evi1982f#19.056#19.35
230	больше	много	NUM	_	_	_	_	_	@evi1982f-words#@evi1982f#19.35#19.644
231	всего	все	PRON	_	Animacy=Inan|Case=Gen|Gender=Neut|Number=Sing	_	_	_	@evi1982f-words#@evi1982f#19.644#19.938
232	на	на	ADP	_	_	_	_	_	@evi1982f-words#@evi1982f#19.938#20.232
233	свете	свет	NOUN	_	Animacy=Inan|Case=Loc|Gender=Masc|Number=Sing	_	_	_	@evi1982f-words#@evi1982f#20.232#20.526
234	я	я	PRON	_	Case=Nom|Number=Sing|Person=1	_	_	_	@evi1982f-words#@evi1982f#20.526#20.82
235	хотела	хотеть	VERB	_	Aspect=Imp|Gender=Fem|Mood=Ind|Number=Sing|Tense=Past|VerbForm=Fin|Voice=Act	_	_	_	@evi1982f-words#@evi1982f#20.82#21.114
236	быть	быть	VERB	_	Aspect=Imp|VerbForm=Inf|Voice=Act	_	_	_	@evi1982f-words#@evi1982f#21.114#21.408
237	певицей	певица	NOUN	_	Animacy=Anim|Case=Ins|Gender=Masc|Number=Sing	_	_	_	@evi1982f-words#@evi1982f#21.408#21.707
238	петь	петь	VERB	_	Aspect=Imp|VerbForm=Inf|Voice=Act	_	_	_	@evi1982f-words#@evi1982f#22.346#22.592
239	в	в	ADP	_	_	_	_	_	@evi1982f-words#@evi1982f#22.592#22.838
240	ложку	ложка	NOUN	_	Animacy=Inan|Case=Acc|Gender=Fem|Number=Sing	_	_	_	@evi1982f-words#@evi1982f#22.838#23.084
241	все	весь	DET	_	Case=Nom|Number=Plur	_	_	_	@evi1982f-words#@evi1982f#23.084#23.33
242	эти	этот	DET	_	Case=Nom|Number=Plur	_	_	_	@evi1982f-words#@evi1982f#23.33#23.576
243	дела	дело	NOUN	_	Animacy=Inan|Case=Nom|Gender=Neut|Number=Plur	_	_	_	@evi1982f-words#@evi1982f#23.576#23.822
244	конечно	конечно	ADV	_	_	_	_	_	@evi1982f-words#@evi1982f#23.822#24.068
245	я	я	PRON	_	Case=Nom|Number=Sing|Person=1	_	_	_	@evi1982f-words#@evi1982f#24.068#24.314
246	очень	очень	ADV	_	_	_	_	_	@evi1982f-words#@evi1982f#24.314#24.56
247	да	да	PART	_	_	_	_	_	@evi1982f-words#@evi1982f#24.56#24.806
248	я	я	PRON	_	Case=Nom|Number=Sing|Person=1	_	_	_	@evi1982f-words#@evi1982f#24.806#25.052
249	грезила	грезить	VERB	_	Aspect=Imp|Gender=Fem|Mood=Ind|Number=Sing|Tense=Past|VerbForm=Fin|Voice=Act	_	_	_	@evi1982f-words#@evi1982f#25.052#25.298
250	этим	это	PRON	_	Animacy=Inan|Case=Ins|Gender=Neut|Number=Sing	_	_	_	@evi1982f-words#@evi1982f#25.298#25.546
251	мой	мой	DET	_	Case=Nom|Gender=Masc|Number=Sing	_	_	_	@evi1982f-words#@evi1982f#25.692#26.023
252	внутренний	внутренний	ADJ	_	Case=Nom|Degree=Pos|Gender=Masc|Number=Sing	_	_	_	@evi1982f-words#@evi1982f#26.023#26.354
253	скептик	скептик	NOUN	_	Animacy=Anim|Case=Nom|Gender=Masc|Number=Sing	_	_	_	@evi1982f-words#@evi1982f#26.354#26.685
254	прекрасно	прекрасно	ADV	_	Degree=Pos	_	_	_	@evi1982f-words#@evi1982f#26.685#27.016
255	понимал	понимать	VERB	_	Aspect=Imp|Gender=Masc|Mood=Ind|Number=Sing|Tense=Past|VerbForm=Fin|Voice=Act	_	_	_	@evi1982f-words#@evi1982f#27.016#27.347
256	что	что	SCONJ	_	_	_	_	_	@evi1982f-words#@evi1982f#27.347#27.678
257	/	/	PUNCT	_	_	_	_	_	@evi1982f-words#@evi1982f#27.678#28.009
258	стать	стать	VERB	_	Aspect=Perf|VerbForm=Inf|Voice=Mid	_	_	_	@evi1982f-words#@evi1982f#28.009#28.34
259	певицей	певица	NOUN	_	Animacy=Anim|Case=Ins|Gender=Masc|Number=Sing	_	_	_	@evi1982f-words#@evi1982f#28.34#28.671
260	при	при	ADP	_	_	_	_	_	@evi1982f-words#@evi1982f#28.671#29.002
261	моих	мой	DET	_	Case=Loc|Number=Plur	_	_	_	@evi1982f-words#@evi1982f#29.002#29.333
262	раскладах	расклад	NOUN	_	Animacy=Inan|Case=Loc|Gender=Masc|Number=Plur	_	_	_	@evi1982f-words#@evi1982f#29.333#29.664
263	/	/	PUNCT	_	_	_	_	_	@evi1982f-words#@evi1982f#29.664#29.995
264	ну	ну	PART	_	_	_	_	_	@evi1982f-words#@evi1982f#29.995#30.326
265	тупо	тупо	ADV	_	Degree=Pos	_	_	_	@evi1982f-words#@evi1982f#30.326#30.657
266	нереально	нереальный	ADJ	_	Degree=Pos|Gender=Neut|Number=Sing|Variant=Short	_	_	_	@evi1982f-words#@evi1982f#30.657#31.0
267	ну	ну	PART	_	_	_	_	_	@evi1982f-words#@evi1982f#32.192#32.468
268	ника...	никак	ADV	_		_	_	_	@evi1982f-words#@evi1982f#32.468#32.744
269	ну	ну	PART	_	_	_	_	_	@evi1982f-words#@evi1982f#32.744#33.02
270	как	как	ADV	_	_	_	_	_	@evi1982f-words#@evi1982f#33.02#33.296
271	?	?	PUNCT	_	_	_	_	_	@evi1982f-words#@evi1982f#33.296#33.576
272	у	у	ADP	_	_	_	_	_	@evi1982f-words#@evi1982f#35.033#35.297
273	меня	я	PRON	_	Case=Gen|Number=Sing|Person=1	_	_	_	@evi1982f-words#@evi1982f#35.297#35.561
274	нет	нет	PRED	_	Aspect=Imp|Mood=Ind|Number=Sing|Person=3|Tense=Pres|VerbForm=Fin|Voice=Act	_	_	_	@evi1982f-words#@evi1982f#35.561#35.825
275	денег	деньги	NOUN	_	Animacy=Inan|Case=Gen|Gender=Fem|Number=Plur	_	_	_	@evi1982f-words#@evi1982f#35.825#36.089
276	/	/	PUNCT	_	_	_	_	_	@evi1982f-words#@evi1982f#36.089#36.353
277	у	у	ADP	_	_	_	_	_	@evi1982f-words#@evi1982f#36.353#36.617
278	меня	я	PRON	_	Case=Gen|Number=Sing|Person=1	_	_	_	@evi1982f-words#@evi1982f#36.617#36.881
279	нет	нет	VERB	_	Aspect=Imp|Mood=Ind|Number=Sing|Person=3|Tense=Pres|VerbForm=Fin|Voice=Act	_	_	_	@evi1982f-words#@evi1982f#36.881#37.145
280	денег	деньги	NOUN	_	Animacy=Inan|Case=Gen|Gender=Fem|Number=Plur	_	_	_	@evi1982f-words#@evi1982f#37.145#37.409
281	ни	ни	CCONJ	_	_	_	_	_	@evi1982f-words#@evi1982f#37.409#37.673
282	на	на	ADP	_	_	_	_	_	@evi1982f-words#@evi1982f#37.673#37.937
283	что	что	PRON	_	Case=Acc	_	_	_	@evi1982f-words#@evi1982f#37.937#38.201
284	вообще	вообще	ADV	_	_	_	_	_	@evi1982f-words#@evi1982f#38.201#38.465
285	/	/	PUNCT	_	_	_	_	_	@evi1982f-words#@evi1982f#38.465#38.729
286	не	не	CCONJ	_	_	_	_	_	@evi1982f-words#@evi1982f#38.729#38.993
287	то	то	CCONJ	_	_	_	_	_	@evi1982f-words#@evi1982f#38.993#39.257
288	что	что	CCONJ	_	_	_	_	_	@evi1982f-words#@evi1982f#39.257#39.521
289	на	на	ADP	_	_	_	_	_	@evi1982f-words#@evi1982f#39.521#39.785
290	песню	песня	NOUN	_	Animacy=Inan|Case=Acc|Gender=Fem|Number=Sing	_	_	_	@evi1982f-words#@evi1982f#39.785#40.049
291	у	у	ADP	_	_	_	_	_	@evi1982f-words#@evi1982f#40.049#40.313
292	меня	я	PRON	_	Case=Gen|Number=Sing|Person=1	_	_	_	@evi1982f-words#@evi1982f#40.313#40.577
293	нет	нет	VERB	_	Aspect=Imp|Mood=Ind|Number=Sing|Person=3|Tense=Pres|VerbForm=Fin|Voice=Act	_	_	_	@evi1982f-words#@evi1982f#40.577#40.841
294	денег	деньги	NOUN	_	Animacy=Inan|Case=Gen|Gender=Fem|Number=Plur	_	_	_	@evi1982f-words#@evi1982f#40.841#41.105
295	на	на	ADP	_	_	_	_	_	@evi1982f-words#@evi1982f#41.105#41.369
296	билет	билет	NOUN	_	Animacy=Inan|Case=Acc|Gender=Masc|Number=Sing	_	_	_	@evi1982f-words#@evi1982f#41.369#41.633
297	ээ	эээ	INTJ	_	_	_	_	_	@evi1982f-words#@evi1982f#41.633#41.897
298	/	/	PUNCT	_	_	_	_	_	@evi1982f-words#@evi1982f#41.897#42.161
299	в	в	ADP	_	_	_	_	_	@evi1982f-words#@evi1982f#42.161#42.425
300	Киев	Киев	PROPN	_	Animacy=Inan|Case=Acc|Gender=Masc|Number=Sing	_	_	_	@evi1982f-words#@evi1982f#42.425#42.689
301	/	/	PUNCT	_	_	_	_	_	@evi1982f-words#@evi1982f#42.689#42.953
302	даже	даже	PART	_	_	_	_	_	@evi1982f-words#@evi1982f#42.953#43.217
303	не	не	PART	_	_	_	_	_	@evi1982f-words#@evi1982f#43.217#43.481
304	то	то	PRON	_	Animacy=Inan|Case=Nom|Gender=Neut|Number=Sing	_	_	_	@evi1982f-words#@evi1982f#43.481#43.745
305	чтобы	чтобы	SCONJ	_	_	_	_	_	@evi1982f-words#@evi1982f#43.745#44.009
306	пожить	пожить	VERB	_	Aspect=Perf|VerbForm=Inf|Voice=Act	_	_	_	@evi1982f-words#@evi1982f#44.009#44.273
307	ээ	эээ	INTJ	_	_	_	_	_	@evi1982f-words#@evi1982f#44.273#44.566
308	мне	я	PRON	_	Case=Dat|Number=Sing|Person=1	_	_	_	@evi1982f-words#@evi1982f#44.744#45.102
309	некому	некого	PRON	_	Case=Dat	_	_	_	@evi1982f-words#@evi1982f#45.102#45.46
310	помочь	помочь	VERB	_	Aspect=Perf|VerbForm=Inf|Voice=Act	_	_	_	@evi1982f-words#@evi1982f#45.46#45.818
311	с	с	ADP	_	_	_	_	_	@evi1982f-words#@evi1982f#45.818#46.176
312	песнями	песня	NOUN	_	Animacy=Inan|Case=Ins|Gender=Fem|Number=Plur	_	_	_	@evi1982f-words#@evi1982f#46.176#46.534
313	я	я	PRON	_	Case=Nom|Number=Sing|Person=1	_	_	_	@evi1982f-words#@evi1982f#46.534#46.892
314	не	не	PART	_	_	_	_	_	@evi1982f-words#@evi1982f#46.892#47.25
315	пишу	писать	VERB	_	Aspect=Imp|Mood=Ind|Number=Sing|Person=1|Tense=Pres|VerbForm=Fin|Voice=Act	_	_	_	@evi1982f-words#@evi1982f#47.25#47.608
316	песен	песня	NOUN	_	Animacy=Inan|Case=Gen|Gender=Fem|Number=Plur	_	_	_	@evi1982f-words#@evi1982f#47.608#47.966
317	у	у	ADP	_	_	_	_	_	@evi1982f-words#@evi1982f#48.522#48.805
318	меня	я	PRON	_	Case=Gen|Number=Sing|Person=1	_	_	_	@evi1982f-words#@evi1982f#48.805#49.088
319	ноль	ноль	NOUN	_	Animacy=Inan|Case=Acc|Gender=Masc|Number=Sing	_	_	_	@evi1982f-words#@evi1982f#49.088#49.371
320	связей	связь	NOUN	_	Animacy=Inan|Case=Gen|Gender=Fem|Number=Plur	_	_	_	@evi1982f-words#@evi1982f#49.371#49.654
321	вообще	вообще	ADV	_	_	_	_	_	@evi1982f-words#@evi1982f#49.654#49.937
322	ну	ну	PART	_	_	_	_	_	@evi1982f-words#@evi1982f#49.937#50.22
323	все	весь	DET	_	Case=Acc|Number=Plur	_	_	_	@evi1982f-words#@evi1982f#50.22#50.503
324	ниточки	ниточка	NOUN	_	Animacy=Inan|Case=Acc|Gender=Neut|Number=Plur	_	_	_	@evi1982f-words#@evi1982f#50.503#50.786
325	которые	который	PRON	_	Case=Nom	_	_	_	@evi1982f-words#@evi1982f#50.786#51.069
326	у	у	ADP	_	_	_	_	_	@evi1982f-words#@evi1982f#51.069#51.352
327	меня	я	PRON	_	Case=Gen|Number=Sing|Person=1	_	_	_	@evi1982f-words#@evi1982f#51.352#51.635
328	были	быть	AUX	_	Aspect=Imp|Mood=Ind|Number=Plur|Tense=Past|VerbForm=Fin|Voice=Act	_	_	_	@evi1982f-words#@evi1982f#51.635#51.918
329	в	в	ADP	_	_	_	_	_	@evi1982f-words#@evi1982f#51.918#52.201
330	доступе	доступ	NOUN	_	Animacy=Inan|Case=Loc|Gender=Masc|Number=Sing	_	_	_	@evi1982f-words#@evi1982f#52.201#52.484
331	/	/	PUNCT	_	_	_	_	_	@evi1982f-words#@evi1982f#52.484#52.767
332	я	я	PRON	_	Case=Nom|Number=Sing|Person=1	_	_	_	@evi1982f-words#@evi1982f#52.767#53.05
333	все	весь	PART	_	_	_	_	_	@evi1982f-words#@evi1982f#53.05#53.333
334	их	они	PRON	_	Case=Acc|Number=Plur|Person=3	_	_	_	@evi1982f-words#@evi1982f#53.333#53.616
335	подёргала	подёргать	VERB	_	Aspect=Perf|Gender=Fem|Mood=Ind|Number=Sing|Tense=Past|VerbForm=Fin|Voice=Act	_	_	_	@evi1982f-words#@evi1982f#53.616#53.899
336	ну	ну	PART	_	_	_	_	_	@evi1982f-words#@evi1982f#53.899#54.182
337	не...	не	PART	_	_	_	_	_	@evi1982f-words#@evi1982f#54.182#54.465
338	ну	ну	PART	_	_	_	_	_	@evi1982f-words#@evi1982f#54.465#54.748
339	не	не	PART	_	_	_	_	_	@evi1982f-words#@evi1982f#54.748#55.031
340	сра...	сработать	VERB	_	_	_	_	_	@evi1982f-words#@evi1982f#55.031#55.314
341	ну	ну	PART	_	_	_	_	_	@evi1982f-words#@evi1982f#55.314#55.597
342	не	не	PART	_	_	_	_	_	@evi1982f-words#@evi1982f#55.597#55.88
343	сработало	сработать	VERB	_	Aspect=Perf|Gender=Neut|Mood=Ind|Number=Sing|Tense=Past|VerbForm=Fin|Voice=Act	_	_	_	@evi1982f-words#@evi1982f#55.88#56.163
344	ну	ну	PART	_	_	_	_	_	@evi1982f-words#@evi1982f#56.163#56.446
345	правда	правда	ADV	_	_	_	_	_	@evi1982f-words#@evi1982f#56.446#56.744
346	ну	ну	PART	_	_	_	_	_	@evi1982f-words#@evi1982f#57.155#57.407
347	то	то	SCONJ	_	_	_	_	_	@evi1982f-words#@evi1982f#57.407#57.659
348	есть	есть	SCONJ	_	_	_	_	_	@evi1982f-words#@evi1982f#57.659#57.911
349	/	/	PUNCT	_	_	_	_	_	@evi1982f-words#@evi1982f#57.911#58.163
350	я	я	PRON	_	Case=Nom|Number=Sing|Person=1	_	_	_	@evi1982f-words#@evi1982f#58.163#58.415
351	не	не	PART	_	_	_	_	_	@evi1982f-words#@evi1982f#58.415#58.667
352	из	из	ADP	_	_	_	_	_	@evi1982f-words#@evi1982f#58.667#58.919
353	тех	тот	DET	_	Case=Gen|Number=Plur	_	_	_	@evi1982f-words#@evi1982f#58.919#59.171
354	людей	человек	NOUN	_	Animacy=Anim|Case=Gen|Gender=Masc|Number=Plur	_	_	_	@evi1982f-words#@evi1982f#59.171#59.423
355	которые	который	PRON	_	Case=Acc	_	_	_	@evi1982f-words#@evi1982f#59.423#59.675
356	сидят	сидеть	VERB	_	Aspect=Imp|Mood=Ind|Number=Plur|Person=3|Tense=Pres|VerbForm=Fin|Voice=Act	_	_	_	@evi1982f-words#@evi1982f#59.675#59.927
357	ээ	эээ	INTJ	_	_	_	_	_	@evi1982f-words#@evi1982f#59.927#60.179
358	/	/	PUNCT	_	_	_	_	_	@evi1982f-words#@evi1982f#60.179#60.431
359	сложа	сложа	VERB	_	Aspect=Perf|Tense=Past|VerbForm=Conv|Voice=Act	_	_	_	@evi1982f-words#@evi1982f#60.431#60.683
360	лапки	лапка	NOUN	_	Animacy=Inan|Case=Acc|Gender=Fem|Number=Plur	_	_	_	@evi1982f-words#@evi1982f#60.683#60.935
361	и	и	CCONJ	_	_	_	_	_	@evi1982f-words#@evi1982f#60.935#61.187
362	ждут	ждать	VERB	_	Aspect=Imp|Mood=Ind|Number=Plur|Person=3|Tense=Pres|VerbForm=Fin|Voice=Act	_	_	_	@evi1982f-words#@evi1982f#61.187#61.439
363	удачи	удача	NOUN	_	Animacy=Inan|Case=Acc|Gender=Fem|Number=Plur	_	_	_	@evi1982f-words#@evi1982f#61.439#61.7
364	я	я	PRON	_	Case=Nom|Number=Sing|Person=1	_	_	_	@evi1982f-words#@evi1982f#61.944#62.272
365	всё-всё-всё	всё-всё-всё	PRON	_	Animacy=Inan|Case=Acc|Gender=Neut|Number=Sing	_	_	_	@evi1982f-words#@evi1982f#62.272#62.6
366	потрогала	потрогать	VERB	_	Aspect=Imp|Gender=Fem|Mood=Ind|Number=Sing|Tense=Past|VerbForm=Fin|Voice=Act	_	_	_	@evi1982f-words#@evi1982f#62.6#62.928
367	/	/	PUNCT	_	_	_	_	_	@evi1982f-words#@evi1982f#62.928#63.256
368	я	я	PRON	_	Case=Nom|Number=Sing|Person=1	_	_	_	@evi1982f-words#@evi1982f#63.256#63.584
369	тут	тут	ADV	_	_	_	_	_	@evi1982f-words#@evi1982f#63.584#63.912
370	спела	спеть	VERB	_	Aspect=Imp|Gender=Fem|Mood=Ind|Number=Sing|Tense=Past|VerbForm=Fin|Voice=Act	_	_	_	@evi1982f-words#@evi1982f#63.912#64.24
371	я	я	PRON	_	Case=Nom|Number=Sing|Person=1	_	_	_	@evi1982f-words#@evi1982f#64.24#64.568
372	тут	тут	ADV	_	_	_	_	_	@evi1982f-words#@evi1982f#64.568#64.896
373	спела	петь	VERB	_	Aspect=Imp|Gender=Fem|Mood=Ind|Number=Sing|Tense=Past|VerbForm=Fin|Voice=Act	_	_	_	@evi1982f-words#@evi1982f#64.896#65.224
374	я	я	PRON	_	Case=Nom|Number=Sing|Person=1	_	_	_	@evi1982f-words#@evi1982f#65.224#65.552
375	здесь	здесь	ADV	_	_	_	_	_	@evi1982f-words#@evi1982f#65.552#65.88
376	спела	спеть	VERB	_	Aspect=Imp|Gender=Fem|Mood=Ind|Number=Sing|Tense=Past|VerbForm=Fin|Voice=Act	_	_	_	@evi1982f-words#@evi1982f#65.88#66.208
377	/	/	PUNCT	_	_	_	_	_	@evi1982f-words#@evi1982f#66.208#66.536
378	я	я	PRON	_	Case=Nom|Number=Sing|Person=1	_	_	_	@evi1982f-words#@evi1982f#66.536#66.864
379	сюда	сюда	ADV	_	_	_	_	_	@evi1982f-words#@evi1982f#66.864#67.192
380	пошла	пойти	VERB	_	Aspect=Perf|Gender=Fem|Mood=Ind|Number=Sing|Tense=Past|VerbForm=Fin|Voice=Act	_	_	_	@evi1982f-words#@evi1982f#67.192#67.52
381	и	и	PART	_	_	_	_	_	@evi1982f-words#@evi1982f#67.52#67.848
382	я	я	PRON	_	Case=Nom|Number=Sing|Person=1	_	_	_	@evi1982f-words#@evi1982f#67.848#68.176
383	всегда	всегда	ADV	_	_	_	_	_	@evi1982f-words#@evi1982f#68.176#68.504
384	пользовалась	пользоваться	VERB	_	Aspect=Perf|Gender=Fem|Mood=Ind|Number=Sing|Tense=Past|VerbForm=Fin|Voice=Mid	_	_	_	@evi1982f-words#@evi1982f#68.504#68.832
385	всеми	весь	DET	_	Case=Ins|Number=Plur	_	_	_	@evi1982f-words#@evi1982f#68.832#69.16
386	возможностями	возможность	NOUN	_	Animacy=Inan|Case=Ins|Gender=Fem|Number=Plur	_	_	_	@evi1982f-words#@evi1982f#69.16#69.488
387	я	я	PRON	_	Case=Nom|Number=Sing|Person=1	_	_	_	@evi1982f-words#@evi1982f#69.666#70.045
388	спела	спеть	VERB	_	Aspect=Perf|Gender=Fem|Mood=Ind|Number=Sing|Tense=Past|VerbForm=Fin|Voice=Act	_	_	_	@evi1982f-words#@evi1982f#70.045#70.424
389	/	/	PUNCT	_	_	_	_	_	@evi1982f-words#@evi1982f#70.424#70.803
390	все	весь	DET	_	Case=Nom|Number=Plur	_	_	_	@evi1982f-words#@evi1982f#70.803#71.182
391	припевы	припев	NOUN	_	Animacy=Inan|Case=Nom|Gender=Fem|Number=Plur	_	_	_	@evi1982f-words#@evi1982f#71.182#71.561
392	/	/	PUNCT	_	_	_	_	_	@evi1982f-words#@evi1982f#71.561#71.94
393	песен	песня	NOUN	_	Animacy=Inan|Case=Gen|Gender=Fem|Number=Plur	_	_	_	@evi1982f-words#@evi1982f#71.94#72.319
394	которые	который	PRON	_	Case=Acc	_	_	_	@evi1982f-words#@evi1982f#72.319#72.698
395	мне	я	PRON	_	Case=Dat|Number=Sing|Person=1	_	_	_	@evi1982f-words#@evi1982f#72.698#73.077
396	предложили	предложить	VERB	_	Aspect=Perf|Mood=Ind|Number=Plur|Tense=Past|VerbForm=Fin|Voice=Act	_	_	_	@evi1982f-words#@evi1982f#73.077#73.456
397	спеть	спеть	VERB	_	Aspect=Perf|VerbForm=Inf|Voice=Act	_	_	_	@evi1982f-words#@evi1982f#73.456#73.835
398	вот	вот	PART	_	_	_	_	_	@evi1982f-words#@evi1982f#73.835#74.214
399	со	с	ADP	_	_	_	_	_	@evi1982f-words#@evi1982f#74.214#74.593
400	своих	свой	DET	_	Case=Gen|Number=Plur	_	_	_	@evi1982f-words#@evi1982f#74.593#74.972
401	четырнадцати	четырнадцать	NUM	_	Case=Gen	_	_	_	@evi1982f-words#@evi1982f#74.972#75.351
402	и	и	PART	_	_	_	_	_	@evi1982f-words#@evi1982f#75.351#75.73
403	до	до	ADP	_	_	_	_	_	@evi1982f-words#@evi1982f#75.73#76.109
404	двадцати	двадцать	NUM	_	Case=Loc	_	_	_	@evi1982f-words#@evi1982f#76.109#76.488
405	трёх	три	NUM	_	Case=Loc	_	_	_	@evi1982f-words#@evi1982f#76.488#76.867
406	сколько	сколько	NUM	_	_	_	_	_	@evi1982f-words#@evi1982f#76.867#77.246
407	я	я	PRON	_	Case=Nom|Number=Sing|Person=1	_	_	_	@evi1982f-words#@evi1982f#77.246#77.625
408	/	/	PUNCT	_	_	_	_	_	@evi1982f-words#@evi1982f#77.625#78.004
409	там	там	ADV	_	_	_	_	_	@evi1982f-words#@evi1982f#78.004#78.383
410	/	/	PUNCT	_	_	_	_	_	@evi1982f-words#@evi1982f#78.383#78.762
411	была	быть	VERB	_	Aspect=Imp|Gender=Fem|Mood=Ind|Number=Sing|Tense=Past|VerbForm=Fin|Voice=Act	_	_	_	@evi1982f-words#@evi1982f#78.762#79.141
412	певицей	певица	NOUN	_	Animacy=Inan|Case=Ins|Gender=Fem|Number=Sing	_	_	_	@evi1982f-words#@evi1982f#79.141#79.52
413	в	в	ADP	_	_	_	_	_	@evi1982f-words#@evi1982f#79.52#79.899
414	городе	город	NOUN	_	Animacy=Inan|Case=Loc|Gender=Masc|Number=Sing	_	_	_	@evi1982f-words#@evi1982f#79.899#80.278
415	Ужгороде	Ужгород	PROPN	_	Animacy=Inan|Case=Loc|Gender=Masc|Number=Sing	_	_	_	@evi1982f-words#@evi1982f#80.278#80.657
416	/	/	PUNCT	_	_	_	_	_	@evi1982f-words#@evi1982f#80.657#81.036
417	я	я	PRON	_	Case=Nom|Number=Sing|Person=1	_	_	_	@evi1982f-words#@evi1982f#81.036#81.415
418	всё	все	PRON	_	Animacy=Inan|Case=Acc|Gender=Neut|Number=Sing	_	_	_	@evi1982f-words#@evi1982f#81.415#81.794
419	спела	спеть	VERB	_	Aspect=Imp|Gender=Fem|Mood=Ind|Number=Sing|Tense=Past|VerbForm=Fin|Voice=Act	_	_	_	@evi1982f-words#@evi1982f#81.794#82.173
420	что	что	SCONJ	_	_	_	_	_	@evi1982f-words#@evi1982f#82.173#82.552
421	можно	можно	PRED	_	_	_	_	_	@evi1982f-words#@evi1982f#82.552#82.931
422	было	быть	AUX	_	Aspect=Imp|Gender=Neut|Mood=Ind|Number=Sing|Tense=Past|VerbForm=Fin|Voice=Act	_	_	_	@evi1982f-words#@evi1982f#82.931#83.31
423	я	я	PRON	_	Case=Nom|Number=Sing|Person=1	_	_	_	@evi1982f-words#@evi1982f#83.31#83.689
424	поучаствовала	поучаствовать	VERB	_	Aspect=Imp|Gender=Fem|Mood=Ind|Number=Sing|Tense=Past|VerbForm=Fin|Voice=Act	_	_	_	@evi1982f-words#@evi1982f#83.689#84.068
425	в	в	ADP	_	_	_	_	_	@evi1982f-words#@evi1982f#84.068#84.447
426	каких-то	какой-то	DET	_	Case=Loc|Number=Plur	_	_	_	@evi1982f-words#@evi1982f#84.447#84.826
427	/	/	PUNCT	_	_	_	_	_	@evi1982f-words#@evi1982f#84.826#85.205
428	группах	группа	NOUN	_	Animacy=Inan|Case=Loc|Gender=Fem|Number=Plur	_	_	_	@evi1982f-words#@evi1982f#85.205#85.584
429	на	на	ADP	_	_	_	_	_	@evi1982f-words#@evi1982f#85.584#85.963
430	каких-то	какой-то	DET	_	Case=Loc|Number=Plur	_	_	_	@evi1982f-words#@evi1982f#85.963#86.342
431	выступлениях	выступление	NOUN	_	Animacy=Inan|Case=Loc|Gender=Neut|Number=Plur	_	_	_	@evi1982f-words#@evi1982f#86.342#86.721
432	/	/	PUNCT	_	_	_	_	_	@evi1982f-words#@evi1982f#86.721#87.1
433	мы	мы	PRON	_	Case=Nom|Number=Plur|Person=1	_	_	_	@evi1982f-words#@evi1982f#87.1#87.479
434	поездили	поездить	VERB	_	Aspect=Perf|Mood=Ind|Number=Plur|Tense=Past|VerbForm=Fin|Voice=Act	_	_	_	@evi1982f-words#@evi1982f#87.479#87.858
435	туда	туда	ADV	_	_	_	_	_	@evi1982f-words#@evi1982f#87.858#88.237
436	туда	туда	ADV	_	_	_	_	_	@evi1982f-words#@evi1982f#88.237#88.616
437	туда	туда	ADV	_	_	_	_	_	@evi1982f-words#@evi1982f#88.616#88.995
438	ту...	туда	ADV	_	_	_	_	_	@evi1982f-words#@evi1982f#88.995#89.374
439	ну	ну	PART	_	_	_	_	_	@evi1982f-words#@evi1982f#89.374#89.753
440	то	то	SCONJ	_	_	_	_	_	@evi1982f-words#@evi1982f#89.753#90.132
441	есть	есть	SCONJ	_	_	_	_	_	@evi1982f-words#@evi1982f#90.132#90.511
442	я	я	PRON	_	Case=Nom|Number=Sing|Person=1	_	_	_	@evi1982f-words#@evi1982f#90.511#90.89
443	всё	все	PRON	_	Animacy=Inan|Case=Acc|Gender=Neut|Number=Sing	_	_	_	@evi1982f-words#@evi1982f#90.89#91.269
444	/	/	PUNCT	_	_	_	_	_	@evi1982f-words#@evi1982f#91.269#91.648
445	я	я	PRON	_	Case=Nom|Number=Sing|Person=1	_	_	_	@evi1982f-words#@evi1982f#91.648#92.027
446	ничего	ничто	PRON	_	Case=Gen	_	_	_	@evi1982f-words#@evi1982f#92.027#92.406
447	не	не	PART	_	_	_	_	_	@evi1982f-words#@evi1982f#92.406#92.785
448	проигнорировала	проигнорировать	VERB	_	Aspect=Perf|Gender=Fem|Mood=Ind|Number=Sing|Tense=Past|VerbForm=Fin|Voice=Act	_	_	_	@evi1982f-words#@evi1982f#92.785#93.164
449	/	/	PUNCT	_	_	_	_	_	@evi1982f-words#@evi1982f#93.164#93.543
450	я	я	PRON	_	Case=Nom|Number=Sing|Person=1	_	_	_	@evi1982f-words#@evi1982f#93.543#93.922
451	пела	петь	VERB	_	Aspect=Imp|Gender=Fem|Mood=Ind|Number=Sing|Tense=Past|VerbForm=Fin|Voice=Act	_	_	_	@evi1982f-words#@evi1982f#93.922#94.301
452	любое	любой	DET	_	Case=Acc|Gender=Neut|Number=Sing	_	_	_	@evi1982f-words#@evi1982f#94.301#94.68
453	/	/	PUNCT	_	_	_	_	_	@evi1982f-words#@evi1982f#94.68#95.059
454	говно	говно	NOUN	_	Animacy=Inan|Case=Acc|Gender=Neut|Number=Sing	_	_	_	@evi1982f-words#@evi1982f#95.059#95.438
455	#смеётся#	#смеётся#	X	_	_	_	_	_	@evi1982f-words#@evi1982f#95.438#95.88
456	ну	ну	PART	_	_	_	_	_	@evi1982f-words#@evi1982f#95.91#96.174
457	ладно	ладно	PART	_	_	_	_	_	@evi1982f-words#@evi1982f#96.174#96.438
458	тогда	тогда	ADV	_	_	_	_	_	@evi1982f-words#@evi1982f#96.438#96.702
459	/	/	PUNCT	_	_	_	_	_	@evi1982f-words#@evi1982f#96.702#96.966
460	я	я	PRON	_	Case=Nom|Number=Sing|Person=1	_	_	_	@evi1982f-words#@evi1982f#96.966#97.23
461	искренне	искренне	ADV	_	Degree=Pos	_	_	_	@evi1982f-words#@evi1982f#97.23#97.494
462	не	не	PART	_	_	_	_	_	@evi1982f-words#@evi1982f#97.494#97.758
463	считала	считать	VERB	_	Aspect=Imp|Gender=Fem|Mood=Ind|Number=Sing|Tense=Past|VerbForm=Fin|Voice=Act	_	_	_	@evi1982f-words#@evi1982f#97.758#98.022
464	это	этот	PRON	_	Animacy=Inan|Case=Acc|Gender=Neut|Number=Sing	_	_	_	@evi1982f-words#@evi1982f#98.022#98.286
465	говном	говно	NOUN	_	Animacy=Inan|Case=Ins|Gender=Masc|Number=Sing	_	_	_	@evi1982f-words#@evi1982f#98.286#98.55
466	давайте	давать	VERB	_	Aspect=Imp|Mood=Imp|Number=Plur|Person=2|VerbForm=Fin|Voice=Act	_	_	_	@evi1982f-words#@evi1982f#98.55#98.814
467	так	так	ADV	_	_	_	_	_	@evi1982f-words#@evi1982f#98.814#99.078
468	/	/	PUNCT	_	_	_	_	_	@evi1982f-words#@evi1982f#99.078#99.342
469	но	но	CCONJ	_	_	_	_	_	@evi1982f-words#@evi1982f#99.342#99.606
470	оно	оно	PRON	_	Case=Nom|Gender=Neut|Number=Sing|Person=3	_	_	_	@evi1982f-words#@evi1982f#99.606#99.87
471	иногда	иногда	ADV	_	_	_	_	_	@evi1982f-words#@evi1982f#99.87#100.134
472	очень	очень	ADV	_	_	_	_	_	@evi1982f-words#@evi1982f#100.134#100.398
473	смешное	смешной	ADJ	_	Case=Nom|Degree=Pos|Gender=Neut|Number=Sing	_	_	_	@evi1982f-words#@evi1982f#100.398#100.662
474	и	и	CCONJ	_	_	_	_	_	@evi1982f-words#@evi1982f#100.662#100.926
475	наивное	наивный	ADJ	_	Case=Nom|Degree=Pos|Gender=Neut|Number=Sing	_	_	_	@evi1982f-words#@evi1982f#100.926#101.2
476	наивное	наивный	ADJ	_	Case=Nom|Degree=Pos|Gender=Neut|Number=Sing	_	_	_	@evi1982f-words#@evi1982f#101.35#101.865
477	искусство	искусство	NOUN	_	Animacy=Inan|Case=Nom|Gender=Neut|Number=Sing	_	_	_	@evi1982f-words#@evi1982f#101.865#102.38
478	нет	нет	PART	_	Aspect=Imp|Mood=Ind|Number=Sing|Person=3|Tense=Pres|VerbForm=Fin|Voice=Act	_	_	_	@evi1982f-words#@evi1982f#115.1#115.575
479	конечно	конечно	ADV	_	_	_	_	_	@evi1982f-words#@evi1982f#115.575#116.05
480	я	я	PRON	_	Case=Nom|Number=Sing|Person=1	_	_	_	@evi1982f-words#@evi1982f#116.05#116.525
481	тупая	тупой	ADJ	_	Case=Nom|Degree=Pos|Gender=Fem|Number=Sing	_	_	_	@evi1982f-words#@evi1982f#116.525#117.0
482	я	я	PRON	_	Case=Nom|Number=Sing|Person=1	_	_	_	@evi1982f-words#@evi1982f#117.24#117.555
483	реально	реально	ADV	_	Degree=Pos	_	_	_	@evi1982f-words#@evi1982f#117.555#117.87
484	не	не	PART	_	_	_	_	_	@evi1982f-words#@evi1982f#117.87#118.185
485	самый	самый	ADJ	_	Case=Nom|Gender=Masc|Number=Sing	_	_	_	@evi1982f-words#@evi1982f#118.185#118.5
486	умный	умный	ADJ	_	Case=Nom|Degree=Pos|Gender=Masc|Number=Sing	_	_	_	@evi1982f-words#@evi1982f#118.5#118.815
487	в	в	ADP	_	_	_	_	_	@evi1982f-words#@evi1982f#118.815#119.13
488	мире	мир	NOUN	_	Animacy=Inan|Case=Loc|Gender=Masc|Number=Sing	_	_	_	@evi1982f-words#@evi1982f#119.13#119.445
489	человек	человек	NOUN	_	Animacy=Anim|Case=Nom|Gender=Masc|Number=Sing	_	_	_	@evi1982f-words#@evi1982f#119.445#119.76
490	/	/	PUNCT	_	_	_	_	_	@evi1982f-words#@evi1982f#119.76#120.075
491	я	я	PRON	_	Case=Nom|Number=Sing|Person=1	_	_	_	@evi1982f-words#@evi1982f#120.075#120.39
492	не	не	PART	_	_	_	_	_	@evi1982f-words#@evi1982f#120.39#120.705
493	принимаю	принимать	VERB	_	Aspect=Imp|Mood=Ind|Number=Sing|Person=1|Tense=Pres|VerbForm=Fin|Voice=Act	_	_	_	@evi1982f-words#@evi1982f#120.705#121.02
494	я	я	PRON	_	Case=Nom|Number=Sing|Person=1	_	_	_	@evi1982f-words#@evi1982f#121.02#121.335
495	не	не	PART	_	_	_	_	_	@evi1982f-words#@evi1982f#121.335#121.65
496	понимаю	понимать	VERB	_	Aspect=Imp|Mood=Ind|Number=Sing|Person=1|Tense=Pres|VerbForm=Fin|Voice=Act	_	_	_	@evi1982f-words#@evi1982f#121.65#121.965
497	где	где	ADV	_	_	_	_	_	@evi1982f-words#@evi1982f#121.965#122.28
498	я	я	PRON	_	Case=Nom|Number=Sing|Person=1	_	_	_	@evi1982f-words#@evi1982f#122.28#122.595
499	могу	мочь	VERB	_	Aspect=Imp|Mood=Ind|Number=Sing|Person=1|Tense=Pres|VerbForm=Fin|Voice=Act	_	_	_	@evi1982f-words#@evi1982f#122.595#122.91
500	себя	себя	PRON	_	Case=Acc	_	_	_	@evi1982f-words#@evi1982f#122.91#123.225
501	/	/	PUNCT	_	_	_	_	_	@evi1982f-words#@evi1982f#123.225#123.54
502	применить	применить	VERB	_	Aspect=Perf|VerbForm=Inf|Voice=Act	_	_	_	@evi1982f-words#@evi1982f#123.54#123.855
503	я	я	PRON	_	Case=Nom|Number=Sing|Person=1	_	_	_	@evi1982f-words#@evi1982f#123.855#124.17
504	ленивая	ленивый	ADJ	_	Case=Nom|Degree=Pos|Gender=Fem|Number=Sing	_	_	_	@evi1982f-words#@evi1982f#124.17#124.485
505	я	я	PRON	_	Case=Nom|Number=Sing|Person=1	_	_	_	@evi1982f-words#@evi1982f#124.485#124.8
506	неусидчивая	неусидчивый	ADJ	_	Case=Nom|Degree=Pos|Gender=Fem|Number=Sing	_	_	_	@evi1982f-words#@evi1982f#124.8#125.115
507	я	я	PRON	_	Case=Nom|Number=Sing|Person=1	_	_	_	@evi1982f-words#@evi1982f#125.115#125.43
508	не	не	PART	_	_	_	_	_	@evi1982f-words#@evi1982f#125.43#125.745
509	понимаю	понимать	VERB	_	Aspect=Imp|Mood=Ind|Number=Sing|Person=1|Tense=Pres|VerbForm=Fin|Voice=Act	_	_	_	@evi1982f-words#@evi1982f#125.745#126.06
510	/	/	PUNCT	_	_	_	_	_	@evi1982f-words#@evi1982f#126.06#126.375
511	во	в	ADP	_	_	_	_	_	@evi1982f-words#@evi1982f#126.375#126.69
512	что	что	PRON	_	Case=Acc	_	_	_	@evi1982f-words#@evi1982f#126.69#127.005
513	бы	бы	AUX	_	_	_	_	_	@evi1982f-words#@evi1982f#127.005#127.32
514	я	я	PRON	_	Case=Nom|Number=Sing|Person=1	_	_	_	@evi1982f-words#@evi1982f#127.32#127.635
515	могла	мочь	VERB	_	Aspect=Imp|Gender=Fem|Mood=Ind|Number=Sing|Tense=Past|VerbForm=Fin|Voice=Act	_	_	_	@evi1982f-words#@evi1982f#127.635#127.95
516	так	так	ADV	_	_	_	_	_	@evi1982f-words#@evi1982f#127.95#128.265
517	вгрызться	вгрызться	VERB	_	Aspect=Perf|VerbForm=Inf|Voice=Mid	_	_	_	@evi1982f-words#@evi1982f#128.265#128.58
518	поэтому	поэтому	ADV	_	_	_	_	_	@evi1982f-words#@evi1982f#128.58#128.895
519	/	/	PUNCT	_	_	_	_	_	@evi1982f-words#@evi1982f#128.895#129.21
520	я	я	PRON	_	Case=Nom|Number=Sing|Person=1	_	_	_	@evi1982f-words#@evi1982f#129.21#129.525
521	гнала	гнать	VERB	_	Aspect=Imp|Gender=Fem|Mood=Ind|Number=Sing|Tense=Past|VerbForm=Fin|Voice=Act	_	_	_	@evi1982f-words#@evi1982f#129.525#129.84
522	от	от	ADP	_	_	_	_	_	@evi1982f-words#@evi1982f#129.84#130.155
523	себя	себя	PRON	_	Case=Gen	_	_	_	@evi1982f-words#@evi1982f#130.155#130.47
524	любые	любой	DET	_	Case=Acc|Number=Plur	_	_	_	@evi1982f-words#@evi1982f#130.47#130.785
525	всякие	всякий	DET	_	Case=Acc|Number=Plur	_	_	_	@evi1982f-words#@evi1982f#130.785#131.1
526	мысли	мысль	NOUN	_	Animacy=Inan|Case=Acc|Gender=Fem|Number=Plur	_	_	_	@evi1982f-words#@evi1982f#131.1#131.415
527	о	о	ADP	_	_	_	_	_	@evi1982f-words#@evi1982f#131.415#131.73
528	будущем	будущее	NOUN	_	Animacy=Inan|Case=Loc|Gender=Neut|Number=Sing	_	_	_	@evi1982f-words#@evi1982f#131.73#132.045
529	потому	потому	ADV	_	_	_	_	_	@evi1982f-words#@evi1982f#132.045#132.36
530	что	что	SCONJ	_	_	_	_	_	@evi1982f-words#@evi1982f#132.36#132.675
531	они	они	PRON	_	Case=Nom|Number=Plur|Person=3	_	_	_	@evi1982f-words#@evi1982f#132.675#132.99
532	меня	я	PRON	_	Case=Acc|Number=Sing|Person=1	_	_	_	@evi1982f-words#@evi1982f#132.99#133.305
533	/	/	PUNCT	_	_	_	_	_	@evi1982f-words#@evi1982f#133.305#133.62
534	страшили	страшить	VERB	_	Aspect=Imp|Mood=Ind|Number=Plur|Tense=Past|VerbForm=Fin|Voice=Act	_	_	_	@evi1982f-words#@evi1982f#133.62#133.935
535	/	/	PUNCT	_	_	_	_	_	@evi1982f-words#@evi1982f#133.935#134.25
536	там	там	ADV	_	_	_	_	_	@evi1982f-words#@evi1982f#134.25#134.565
537	кроме	кроме	ADP	_	_	_	_	_	@evi1982f-words#@evi1982f#134.565#134.88
538	дна	дно	NOUN	_	Animacy=Inan|Case=Gen|Gender=Neut|Number=Sing	_	_	_	@evi1982f-words#@evi1982f#134.88#135.195
539	ничего	ничто	PRON	_	Case=Gen	_	_	_	@evi1982f-words#@evi1982f#135.195#135.51
540	не	не	PART	_	_	_	_	_	@evi1982f-words#@evi1982f#135.51#135.825
541	было	быть	VERB	_	Aspect=Imp|Gender=Neut|Mood=Ind|Number=Sing|Tense=Past|VerbForm=Fin|Voice=Act	_	_	_	@evi1982f-words#@evi1982f#135.825#136.15
542	потому	потому	ADV	_	_	_	_	_	@evi1982f-words#@evi1982f#136.87#137.142
543	что	что	SCONJ	_	_	_	_	_	@evi1982f-words#@evi1982f#137.142#137.414
544	единственное	единственный	ADJ	_	Case=Acc|Degree=Pos|Gender=Neut|Number=Sing	_	_	_	@evi1982f-words#@evi1982f#137.414#137.686
545	что	что	SCONJ	_	_	_	_	_	@evi1982f-words#@evi1982f#137.686#137.958
546	я	я	PRON	_	Case=Nom|Number=Sing|Person=1	_	_	_	@evi1982f-words#@evi1982f#137.958#138.23
547	умею	уметь	VERB	_	Aspect=Imp|Mood=Ind|Number=Sing|Person=1|Tense=Pres|VerbForm=Fin|Voice=Act	_	_	_	@evi1982f-words#@evi1982f#138.23#138.502
548	это	это	PRON	_	Animacy=Inan|Case=Acc|Gender=Neut|Number=Sing	_	_	_	@evi1982f-words#@evi1982f#138.502#138.774
549	петь	петь	VERB	_	Aspect=Imp|VerbForm=Inf|Voice=Act	_	_	_	@evi1982f-words#@evi1982f#138.774#139.046
550	и	и	CCONJ	_	_	_	_	_	@evi1982f-words#@evi1982f#139.046#139.318
551	это	это	PRON	_	Animacy=Inan|Case=Acc|Gender=Neut|Number=Sing	_	_	_	@evi1982f-words#@evi1982f#139.318#139.59
552	нахер	нахер	ADV	_	_	_	_	_	@evi1982f-words#@evi1982f#139.59#139.862
553	никому	никто	PRON	_	Case=Dat	_	_	_	@evi1982f-words#@evi1982f#139.862#140.134
554	не	не	PART	_	_	_	_	_	@evi1982f-words#@evi1982f#140.134#140.406
555	надо	надо	ADV	_	_	_	_	_	@evi1982f-words#@evi1982f#140.406#140.68
556	я	я	PRON	_	Case=Nom|Number=Sing|Person=1	_	_	_	@evi1982f-words#@evi1982f#141.76#142.118
557	больше	много	ADV	_	Degree=Cmp	_	_	_	@evi1982f-words#@evi1982f#142.118#142.476
558	ничего	ничто	PRON	_	Case=Gen	_	_	_	@evi1982f-words#@evi1982f#142.476#142.834
559	не	не	PART	_	_	_	_	_	@evi1982f-words#@evi1982f#142.834#143.192
560	умею	уметь	VERB	_	Aspect=Imp|Mood=Ind|Number=Sing|Person=1|Tense=Pres|VerbForm=Fin|Voice=Act	_	_	_	@evi1982f-words#@evi1982f#143.192#143.55
561	делать	делать	VERB	_	Aspect=Imp|VerbForm=Inf|Voice=Act	_	_	_	@evi1982f-words#@evi1982f#143.55#143.908
562	/	/	PUNCT	_	_	_	_	_	@evi1982f-words#@evi1982f#143.908#144.266
563	нет	нет	PART	_	Aspect=Imp|Mood=Ind|Number=Sing|Person=3|Tense=Pres|VerbForm=Fin|Voice=Act	_	_	_	@evi1982f-words#@evi1982f#144.266#144.624
564	я	я	PRON	_	Case=Nom|Number=Sing|Person=1	_	_	_	@evi1982f-words#@evi1982f#144.624#144.982
565	могу	мочь	VERB	_	Aspect=Imp|Mood=Ind|Number=Sing|Person=1|Tense=Pres|VerbForm=Fin|Voice=Act	_	_	_	@evi1982f-words#@evi1982f#144.982#145.34
566	сносно	сносно	ADV	_	Degree=Pos	_	_	_	@evi1982f-words#@evi1982f#145.34#145.698
567	научиться	научиться	VERB	_	Aspect=Perf|VerbForm=Inf|Voice=Mid	_	_	_	@evi1982f-words#@evi1982f#145.698#146.056
568	делать	делать	VERB	_	Aspect=Imp|VerbForm=Inf|Voice=Act	_	_	_	@evi1982f-words#@evi1982f#146.056#146.414
569	/	/	PUNCT	_	_	_	_	_	@evi1982f-words#@evi1982f#146.414#146.772
570	любые	любой	DET	_	Case=Acc|Number=Plur	_	_	_	@evi1982f-words#@evi1982f#146.772#147.13
571	вещи	вещь	NOUN	_	Animacy=Inan|Case=Acc|Gender=Fem|Number=Plur	_	_	_	@evi1982f-words#@evi1982f#147.13#147.488
572	но	но	CCONJ	_	_	_	_	_	@evi1982f-words#@evi1982f#147.488#147.846
573	именно	именно	PART	_	_	_	_	_	@evi1982f-words#@evi1982f#147.846#148.204
574	сносно	сносно	ADV	_	Degree=Pos	_	_	_	@evi1982f-words#@evi1982f#148.204#148.57
575	и	и	PART	_	_	_	_	_	@evi1982f-words#@evi1982f#149.5#149.822
576	вот	вот	PART	_	_	_	_	_	@evi1982f-words#@evi1982f#149.822#150.144
577	такое	такой	DET	_	Case=Nom|Gender=Neut|Number=Sing	_	_	_	@evi1982f-words#@evi1982f#150.144#150.466
578	будущее	будущее	NOUN	_	Animacy=Inan|Case=Nom|Gender=Neut|Number=Sing	_	_	_	@evi1982f-words#@evi1982f#150.466#150.788
579	меня	я	PRON	_	Case=Acc|Number=Sing|Person=1	_	_	_	@evi1982f-words#@evi1982f#150.788#151.11
580	в	в	ADP	_	_	_	_	_	@evi1982f-words#@evi1982f#151.11#151.432
581	принципе	принцип	NOUN	_	Animacy=Inan|Case=Loc|Gender=Masc|Number=Sing	_	_	_	@evi1982f-words#@evi1982f#151.432#151.754
582	ожидало	ожидать	VERB	_	Aspect=Imp|Gender=Neut|Mood=Ind|Number=Sing|Tense=Past|VerbForm=Fin|Voice=Act	_	_	_	@evi1982f-words#@evi1982f#151.754#152.076
583	/	/	PUNCT	_	_	_	_	_	@evi1982f-words#@evi1982f#152.076#152.398
584	понимаешь	понимать	VERB	_	Aspect=Imp|Mood=Ind|Number=Sing|Person=2|Tense=Pres|VerbForm=Fin|Voice=Act	_	_	_	@evi1982f-words#@evi1982f#152.398#152.72
585	/	/	PUNCT	_	_	_	_	_	@evi1982f-words#@evi1982f#152.72#153.042
586	где	где	ADV	_	_	_	_	_	@evi1982f-words#@evi1982f#153.042#153.364
587	я	я	PRON	_	Case=Nom|Number=Sing|Person=1	_	_	_	@evi1982f-words#@evi1982f#153.364#153.686
588	работаю	работать	VERB	_	Aspect=Imp|Mood=Ind|Number=Sing|Person=1|Tense=Pres|VerbForm=Fin|Voice=Act	_	_	_	@evi1982f-words#@evi1982f#153.686#154.01
589	какое	какой	DET	_	Case=Acc|Gender=Neut|Number=Sing	_	_	_	@evi1982f-words#@evi1982f#156.18#156.51
590	на	на	ADP	_	_	_	_	_	@evi1982f-words#@evi1982f#156.51#156.84
591	что	что	PRON	_	Case=Acc	_	_	_	@evi1982f-words#@evi1982f#156.84#157.17
592	?	?	PUNCT	_	_	_	_	_	@evi1982f-words#@evi1982f#157.17#157.5
593	любое	любой	DET	_	Case=Nom|Gender=Neut|Number=Sing	_	_	_	@evi1982f-words#@evi1982f#157.5#157.83
594	высшее	высший	ADJ	_	Case=Nom|Degree=Pos|Gender=Neut|Number=Sing	_	_	_	@evi1982f-words#@evi1982f#157.83#158.16
595	образование	образование	NOUN	_	Animacy=Inan|Case=Nom|Gender=Neut|Number=Sing	_	_	_	@evi1982f-words#@evi1982f#158.16#158.49
596	требует	требовать	VERB	_	Aspect=Imp|Mood=Ind|Number=Sing|Person=3|Tense=Pres|VerbForm=Fin|Voice=Act	_	_	_	@evi1982f-words#@evi1982f#158.49#158.82
597	бабок	бабки	NOUN	_	Animacy=Inan|Case=Acc|Gender=Masc|Number=Sing	_	_	_	@evi1982f-words#@evi1982f#158.82#159.15
598	/	/	PUNCT	_	_	_	_	_	@evi1982f-words#@evi1982f#159.15#159.48
599	а	а	CCONJ	_	_	_	_	_	@evi1982f-words#@evi1982f#159.48#159.81
600	мы	мы	PRON	_	Case=Nom|Number=Plur|Person=1	_	_	_	@evi1982f-words#@evi1982f#159.81#160.14
601	очень	очень	ADV	_	_	_	_	_	@evi1982f-words#@evi1982f#160.14#160.47
602	скромно...	скромно	ADV	_	Degree=Pos	_	_	_	@evi1982f-words#@evi1982f#160.47#160.8
603	ну	ну	PART	_	_	_	_	_	@evi1982f-words#@evi1982f#161.98#162.295
604	вот	вот	PART	_	_	_	_	_	@evi1982f-words#@evi1982f#162.295#162.61
605	/	/	PUNCT	_	_	_	_	_	@evi1982f-words#@evi1982f#162.61#162.925
606	там	там	ADV	_	_	_	_	_	@evi1982f-words#@evi1982f#162.925#163.24
607	бесплатно	бесплатно	ADV	_	Degree=Pos	_	_	_	@evi1982f-words#@evi1982f#163.24#163.555
608	когда	когда	SCONJ	_	_	_	_	_	@evi1982f-words#@evi1982f#163.555#163.87
609	учишься	учиться	VERB	_	Aspect=Imp|Mood=Ind|Number=Sing|Person=2|Tense=Pres|VerbForm=Fin|Voice=Mid	_	_	_	@evi1982f-words#@evi1982f#163.87#164.185
610	/	/	PUNCT	_	_	_	_	_	@evi1982f-words#@evi1982f#164.185#164.5
611	надо	надо	ADV	_	_	_	_	_	@evi1982f-words#@evi1982f#164.5#164.815
612	всё	все	ADV	_	_	_	_	_	@evi1982f-words#@evi1982f#164.815#165.13
613	равно	равно	ADV	_	_	_	_	_	@evi1982f-words#@evi1982f#165.13#165.445
614	чуть-чуть	чуть-чуть	ADV	_	_	_	_	_	@evi1982f-words#@evi1982f#165.445#165.76
615	чтобы	чтобы	SCONJ	_	Mood=Cnd	_	_	_	@evi1982f-words#@evi1982f#165.76#166.075
616	было	быть	AUX	_	Aspect=Imp|Gender=Neut|Mood=Ind|Number=Sing|Tense=Past|VerbForm=Fin|Voice=Act	_	_	_	@evi1982f-words#@evi1982f#166.075#166.39
617	платно	платно	ADV	_	Degree=Pos	_	_	_	@evi1982f-words#@evi1982f#166.39#166.705
618	знаешь	знать	VERB	_	Aspect=Imp|Mood=Ind|Number=Sing|Person=2|Tense=Pres|VerbForm=Fin|Voice=Act	_	_	_	@evi1982f-words#@evi1982f#166.705#167.02
619	понимаешь	понимать	VERB	_	Aspect=Imp|Mood=Ind|Number=Sing|Person=2|Tense=Pres|VerbForm=Fin|Voice=Act	_	_	_	@evi1982f-words#@evi1982f#167.02#167.335
620	в	в	ADP	_	_	_	_	_	@evi1982f-words#@evi1982f#167.335#167.65
621	чём	что	PRON	_	Case=Loc	_	_	_	@evi1982f-words#@evi1982f#167.65#167.965
622	дело	дело	NOUN	_	Animacy=Inan|Case=Nom|Gender=Neut|Number=Sing	_	_	_	@evi1982f-words#@evi1982f#167.965#168.29
623	ну	ну	PART	_	_	_	_	_	@evi1982f-words#@evi1982f#171.736#172.009
624	чё-то	чё-то	PRON	_	Case=Nom	_	_	_	@evi1982f-words#@evi1982f#172.009#172.282
625	/	/	PUNCT	_	_	_	_	_	@evi1982f-words#@evi1982f#172.282#172.555
626	у	у	ADP	_	_	_	_	_	@evi1982f-words#@evi1982f#172.555#172.828
627	меня	я	PRON	_	Case=Gen|Number=Sing|Person=1	_	_	_	@evi1982f-words#@evi1982f#172.828#173.101
628	не	не	PART	_	_	_	_	_	@evi1982f-words#@evi1982f#173.101#173.374
629	получилось	получиться	VERB	_	Aspect=Perf|Gender=Neut|Mood=Ind|Number=Sing|Tense=Past|VerbForm=Fin|Voice=Mid	_	_	_	@evi1982f-words#@evi1982f#173.374#173.648
630	нуу	ну	PART	_	_	_	_	_	@evi1982f-words#@evi1982f#177.417#177.747
631	надо	надо	ADV	_	_	_	_	_	@evi1982f-words#@evi1982f#177.747#178.077
632	понимать	понимать	VERB	_	Aspect=Imp|VerbForm=Inf|Voice=Act	_	_	_	@evi1982f-words#@evi1982f#178.077#178.407
633	что	что	SCONJ	_	_	_	_	_	@evi1982f-words#@evi1982f#178.407#178.737
634	я	я	PRON	_	Case=Nom|Number=Sing|Person=1	_	_	_	@evi1982f-words#@evi1982f#178.737#179.067
635	ещё	еще	ADV	_	_	_	_	_	@evi1982f-words#@evi1982f#179.067#179.397
636	была	быть	AUX	_	Aspect=Imp|Gender=Fem|Mood=Ind|Number=Sing|Tense=Past|VerbForm=Fin|Voice=Act	_	_	_	@evi1982f-words#@evi1982f#179.397#179.727
637	тогда	тогда	ADV	_	_	_	_	_	@evi1982f-words#@evi1982f#179.727#180.057
638	непростым	непростой	ADJ	_	Case=Ins|Degree=Pos|Gender=Masc|Number=Sing	_	_	_	@evi1982f-words#@evi1982f#180.057#180.387
639	подростком	подросток	NOUN	_	Animacy=Anim|Case=Ins|Gender=Masc|Number=Sing	_	_	_	@evi1982f-words#@evi1982f#180.387#180.717
640	ну	ну	PART	_	_	_	_	_	@evi1982f-words#@evi1982f#180.717#181.047
641	я	я	PRON	_	Case=Nom|Number=Sing|Person=1	_	_	_	@evi1982f-words#@evi1982f#181.047#181.377
642	правда	правда	ADV	_	_	_	_	_	@evi1982f-words#@evi1982f#181.377#181.707
643	я	я	PRON	_	Case=Nom|Number=Sing|Person=1	_	_	_	@evi1982f-words#@evi1982f#181.707#182.037
644	по...	попробовать	VERB	_	_	_	_	_	@evi1982f-words#@evi1982f#182.037#182.367
645	поп...	попробовать	VERB	_	_	_	_	_	@evi1982f-words#@evi1982f#182.367#182.697
646	попробовала	попробовать	VERB	_	Aspect=Perf|Gender=Fem|Mood=Ind|Number=Sing|Tense=Past|VerbForm=Fin|Voice=Act	_	_	_	@evi1982f-words#@evi1982f#182.697#183.027
647	поучиться	поучиться	VERB	_	Aspect=Perf|VerbForm=Inf|Voice=Mid	_	_	_	@evi1982f-words#@evi1982f#183.027#183.357
648	/	/	PUNCT	_	_	_	_	_	@evi1982f-words#@evi1982f#183.357#183.687
649	что-то	что-то	PRON	_	Case=Nom	_	_	_	@evi1982f-words#@evi1982f#183.687#184.017
650	у	у	ADP	_	_	_	_	_	@evi1982f-words#@evi1982f#184.017#184.347
651	меня	я	PRON	_	Case=Gen|Number=Sing|Person=1	_	_	_	@evi1982f-words#@evi1982f#184.347#184.677
652	прям	прямо	PART	_	_	_	_	_	@evi1982f-words#@evi1982f#184.677#185.007
653	не	не	PART	_	_	_	_	_	@evi1982f-words#@evi1982f#185.007#185.337
654	пошло	пойти	VERB	_	Aspect=Perf|Gender=Neut|Mood=Ind|Number=Sing|Tense=Past|VerbForm=Fin|Voice=Act	_	_	_	@evi1982f-words#@evi1982f#185.337#185.667
655	сильно	сильно	ADV	_	Degree=Pos	_	_	_	@evi1982f-words#@evi1982f#185.667#186.021
656	вот	вот	PART	_	_	_	_	_	@evi1982f-words#@evi1982f#187.274#187.67
657	прямо	прямо	PART	_	_	_	_	_	@evi1982f-words#@evi1982f#188.78#189.236
658	учиться	учиться	VERB	_	Aspect=Imp|VerbForm=Inf|Voice=Mid	_	_	_	@evi1982f-words#@evi1982f#189.236#189.692
659	да	да	PART	_	_	_	_	_	@evi1982f-words#@evi1982f#190.259#190.593
660	да	да	PART	_	_	_	_	_	@evi1982f-words#@evi1982f#191.156#191.568
661	ну	ну	PART	_	_	_	_	_	@evi1982f-words#@evi1982f#192.18#192.606
662	во-первых	во-первых	ADV	_	_	_	_	_	@evi1982f-words#@evi1982f#192.606#193.032
663	всем	все	PRON	_	Animacy=Anim|Case=Dat|Number=Plur	_	_	_	@evi1982f-words#@evi1982f#193.032#193.459
664	мне	я	PRON	_	Case=Dat|Number=Sing|Person=1	_	_	_	@evi1982f-words#@evi1982f#194.0#194.716
665	они	они	PRON	_	Case=Nom|Number=Plur|Person=3	_	_	_	@evi1982f-words#@evi1982f#194.716#195.432
666	казались	казаться	VERB	_	Aspect=Imp|Mood=Ind|Number=Plur|Tense=Past|VerbForm=Fin|Voice=Mid	_	_	_	@evi1982f-words#@evi1982f#195.432#196.148
667	дико	дико	ADV	_	Degree=Pos	_	_	_	@evi1982f-words#@evi1982f#196.148#196.864
668	тупыми	тупой	ADJ	_	Case=Ins|Degree=Pos|Number=Plur	_	_	_	@evi1982f-words#@evi1982f#196.864#197.58
669	все	весь	DET	_	Case=Acc|Number=Plur	_	_	_	@evi1982f-words#@evi1982f#197.58#198.296
670	#смеётся#	#смеётся#	X	_	_	_	_	_	@evi1982f-words#@evi1982f#198.296#199.016
671	все	весь	PRON	_	Animacy=Inan|Case=Nom|Gender=Neut|Number=Sing	_	_	_	@evi1982f-words#@evi1982f#199.025#199.409
672	просто	просто	PART	_	_	_	_	_	@evi1982f-words#@evi1982f#199.409#199.793
673	все	весь	PRON	_	Animacy=Inan|Case=Nom|Gender=Neut|Number=Sing	_	_	_	@evi1982f-words#@evi1982f#199.793#200.177
674	/	/	PUNCT	_	_	_	_	_	@evi1982f-words#@evi1982f#200.177#200.561
675	ну	ну	PART	_	_	_	_	_	@evi1982f-words#@evi1982f#200.561#200.945
676	тогда	тогда	ADV	_	_	_	_	_	@evi1982f-words#@evi1982f#200.945#201.329
677	ээ	эээ	INTJ	_	_	_	_	_	@evi1982f-words#@evi1982f#201.329#201.713
678	/	/	PUNCT	_	_	_	_	_	@evi1982f-words#@evi1982f#201.713#202.097
679	я	я	PRON	_	Case=Nom|Number=Sing|Person=1	_	_	_	@evi1982f-words#@evi1982f#202.097#202.481
680	тогда	тогда	ADV	_	_	_	_	_	@evi1982f-words#@evi1982f#202.481#202.865
681	переживала	переживать	VERB	_	Aspect=Imp|Gender=Fem|Mood=Ind|Number=Sing|Tense=Past|VerbForm=Fin|Voice=Act	_	_	_	@evi1982f-words#@evi1982f#202.865#203.249
682	не	не	PART	_	_	_	_	_	@evi1982f-words#@evi1982f#203.249#203.633
683	лучшие	лучший	ADJ	_	Animacy=Inan|Case=Acc|Degree=Pos|Number=Plur	_	_	_	@evi1982f-words#@evi1982f#203.633#204.017
684	мгновения	мгновение	NOUN	_	Animacy=Inan|Case=Acc|Gender=Neut|Number=Plur	_	_	_	@evi1982f-words#@evi1982f#204.017#204.401
685	моменты	момент	NOUN	_	Animacy=Inan|Case=Gen|Gender=Fem|Number=Sing	_	_	_	@evi1982f-words#@evi1982f#204.401#204.785
686	своей	свой	DET	_	Case=Gen|Gender=Fem|Number=Sing	_	_	_	@evi1982f-words#@evi1982f#204.785#205.169
687	жизни	жизнь	NOUN	_	Animacy=Inan|Case=Gen|Gender=Fem|Number=Sing	_	_	_	@evi1982f-words#@evi1982f#205.169#205.553
688	/	/	PUNCT	_	_	_	_	_	@evi1982f-words#@evi1982f#205.553#205.937
689	вот	вот	PART	_	_	_	_	_	@evi1982f-words#@evi1982f#205.937#206.321
690	тот	тот	DET	_	Case=Acc|Gender=Masc|Number=Sing	_	_	_	@evi1982f-words#@evi1982f#206.321#206.705
691	самый	самый	ADJ	_	Case=Acc|Gender=Masc|Number=Sing	_	_	_	@evi1982f-words#@evi1982f#206.705#207.089
692	юношеский	юношеский	ADJ	_	Animacy=Inan|Case=Acc|Degree=Pos|Gender=Masc|Number=Sing	_	_	_	@evi1982f-words#@evi1982f#207.089#207.473
693	максимализм	максимализм	NOUN	_	Animacy=Inan|Case=Acc|Gender=Masc|Number=Sing	_	_	_	@evi1982f-words#@evi1982f#207.473#207.857
694	мне	я	PRON	_	Case=Dat|Number=Sing|Person=1	_	_	_	@evi1982f-words#@evi1982f#207.857#208.241
695	казалось	казаться	VERB	_	Aspect=Imp|Gender=Neut|Mood=Ind|Number=Sing|Tense=Past|VerbForm=Fin|Voice=Mid	_	_	_	@evi1982f-words#@evi1982f#208.241#208.625
696	что	что	SCONJ	_	_	_	_	_	@evi1982f-words#@evi1982f#208.625#209.009
697	/	/	PUNCT	_	_	_	_	_	@evi1982f-words#@evi1982f#209.009#209.393
698	из	из	ADP	_	_	_	_	_	@evi1982f-words#@evi1982f#209.393#209.777
699	умных	умный	ADJ	_	Case=Gen|Degree=Pos|Number=Plur	_	_	_	@evi1982f-words#@evi1982f#209.777#210.161
700	людей	человек	NOUN	_	Animacy=Anim|Case=Gen|Gender=Masc|Number=Plur	_	_	_	@evi1982f-words#@evi1982f#210.161#210.545
701	на	на	ADP	_	_	_	_	_	@evi1982f-words#@evi1982f#210.545#210.929
702	планете	планета	NOUN	_	Animacy=Inan|Case=Loc|Gender=Fem|Number=Sing	_	_	_	@evi1982f-words#@evi1982f#210.929#211.313
703	есть	быть	VERB	_	Aspect=Imp|Mood=Ind|Number=Plur|Person=3|Tense=Pres|VerbForm=Fin|Voice=Act	_	_	_	@evi1982f-words#@evi1982f#211.313#211.697
704	я	я	PRON	_	Case=Nom|Number=Sing|Person=1	_	_	_	@evi1982f-words#@evi1982f#211.697#212.081
705	#смеётся#	#смеётся#	X	_	_	_	_	_	@evi1982f-words#@evi1982f#212.081#212.487
706	ну	ну	PART	_	_	_	_	_	@evi1982f-words#@evi1982f#212.85#213.237
707	ещё	еще	ADV	_	_	_	_	_	@evi1982f-words#@evi1982f#213.237#213.624
708	парочка	парочка	NOUN	_	Animacy=Inan|Case=Nom|Gender=Fem|Number=Sing	_	_	_	@evi1982f-words#@evi1982f#213.624#214.012
709	короче	короче	ADJ	_	Degree=Cmp	_	_	_	@evi1982f-words#@evi1982f#214.882#215.139
710	не	не	PART	_	_	_	_	_	@evi1982f-words#@evi1982f#215.139#215.396
711	было	быть	VERB	_	Aspect=Imp|Gender=Neut|Mood=Ind|Number=Sing|Tense=Past|VerbForm=Fin|Voice=Act	_	_	_	@evi1982f-words#@evi1982f#215.396#215.653
712	у	у	ADP	_	_	_	_	_	@evi1982f-words#@evi1982f#215.653#215.91
713	меня	я	PRON	_	Case=Gen|Number=Sing|Person=1	_	_	_	@evi1982f-words#@evi1982f#215.91#216.167
714	никаких	никакой	DET	_	Case=Gen|Number=Plur	_	_	_	@evi1982f-words#@evi1982f#216.167#216.424
715	реально	реально	ADV	_	Degree=Pos	_	_	_	@evi1982f-words#@evi1982f#216.424#216.681
716	у	у	ADP	_	_	_	_	_	@evi1982f-words#@evi1982f#216.681#216.938
717	меня	я	PRON	_	Case=Gen|Number=Sing|Person=1	_	_	_	@evi1982f-words#@evi1982f#216.938#217.195
718	не	не	PART	_	_	_	_	_	@evi1982f-words#@evi1982f#217.195#217.452
719	было	быть	VERB	_	Aspect=Imp|Gender=Neut|Mood=Ind|Number=Sing|Tense=Past|VerbForm=Fin|Voice=Act	_	_	_	@evi1982f-words#@evi1982f#217.452#217.709
720	никаких	никакой	DET	_	Case=Gen|Number=Plur	_	_	_	@evi1982f-words#@evi1982f#217.709#217.966
721	мыслей	мысль	NOUN	_	Animacy=Inan|Case=Gen|Gender=Fem|Number=Plur	_	_	_	@evi1982f-words#@evi1982f#217.966#218.223
722	/	/	PUNCT	_	_	_	_	_	@evi1982f-words#@evi1982f#218.223#218.48
723	я	я	PRON	_	Case=Nom|Number=Sing|Person=1	_	_	_	@evi1982f-words#@evi1982f#218.48#218.737
724	работала	работать	VERB	_	Aspect=Imp|Gender=Fem|Mood=Ind|Number=Sing|Tense=Past|VerbForm=Fin|Voice=Act	_	_	_	@evi1982f-words#@evi1982f#218.737#218.994
725	себе	себя	PRON	_	Case=Dat	_	_	_	@evi1982f-words#@evi1982f#218.994#219.251
726	в	в	ADP	_	_	_	_	_	@evi1982f-words#@evi1982f#219.251#219.508
727	кофейне	кофейня	NOUN	_	Animacy=Inan|Case=Loc|Gender=Fem|Number=Sing	_	_	_	@evi1982f-words#@evi1982f#219.508#219.765
728	/	/	PUNCT	_	_	_	_	_	@evi1982f-words#@evi1982f#219.765#220.022
729	и	и	CCONJ	_	_	_	_	_	@evi1982f-words#@evi1982f#220.022#220.279
730	думала	думать	VERB	_	Aspect=Imp|Gender=Fem|Mood=Ind|Number=Sing|Tense=Past|VerbForm=Fin|Voice=Act	_	_	_	@evi1982f-words#@evi1982f#220.279#220.536
731	что	что	SCONJ	_	_	_	_	_	@evi1982f-words#@evi1982f#220.536#220.793
732	так	так	ADV	_	_	_	_	_	@evi1982f-words#@evi1982f#220.793#221.05
733	будет	быть	AUX	_	Aspect=Imp|Mood=Ind|Number=Sing|Person=3|Tense=Pres|VerbForm=Fin|Voice=Act	_	_	_	@evi1982f-words#@evi1982f#221.05#221.307
734	наверное	наверное	ADV	_	_	_	_	_	@evi1982f-words#@evi1982f#221.307#221.564
735	уже	уже	ADV	_	_	_	_	_	@evi1982f-words#@evi1982f#221.564#221.821
736	всю	весь	DET	_	Case=Acc|Gender=Fem|Number=Sing	_	_	_	@evi1982f-words#@evi1982f#221.821#222.078
737	жизнь	жизнь	NOUN	_	Animacy=Inan|Case=Acc|Gender=Fem|Number=Sing	_	_	_	@evi1982f-words#@evi1982f#222.078#222.335
738	у	у	ADP	_	_	_	_	_	@evi1982f-words#@evi1982f#222.335#222.677
739	меня	я	PRON	_	Case=Gen|Number=Sing|Person=1	_	_	_	@evi1982f-words#@evi1982f#222.677#223.019
740	есть	быть	VERB	_	Aspect=Imp|Mood=Ind|Number=Sing|Person=3|Tense=Pres|VerbForm=Fin|Voice=Act	_	_	_	@evi1982f-words#@evi1982f#223.019#223.361
741	знаешь	знать	VERB	_	Aspect=Imp|Mood=Ind|Number=Sing|Person=2|Tense=Pres|VerbForm=Fin|Voice=Act	_	_	_	@evi1982f-words#@evi1982f#223.361#223.703
742	тоже	тоже	PART	_	_	_	_	_	@evi1982f-words#@evi1982f#223.703#224.045
743	такое	такой	DET	_	Case=Nom|Gender=Neut|Number=Sing	_	_	_	@evi1982f-words#@evi1982f#224.045#224.387
744	ощущение	ощущение	NOUN	_	Animacy=Inan|Case=Nom|Gender=Neut|Number=Sing	_	_	_	@evi1982f-words#@evi1982f#224.387#224.729
745	что	что	SCONJ	_	_	_	_	_	@evi1982f-words#@evi1982f#224.729#225.071
746	нам	мы	PRON	_	Case=Dat|Number=Plur|Person=1	_	_	_	@evi1982f-words#@evi1982f#225.071#225.413
747	слишком	слишком	ADV	_	_	_	_	_	@evi1982f-words#@evi1982f#225.413#225.755
748	рано	рано	ADV	_	Degree=Pos	_	_	_	@evi1982f-words#@evi1982f#225.755#226.097
749	ээ	ээ	INTJ	_	_	_	_	_	@evi1982f-words#@evi1982f#226.097#226.439
750	/	/	PUNCT	_	_	_	_	_	@evi1982f-words#@evi1982f#226.439#226.781
751	предоставляют	предоставлять	VERB	_	Aspect=Imp|Mood=Ind|Number=Plur|Person=3|Tense=Pres|VerbForm=Fin|Voice=Act	_	_	_	@evi1982f-words#@evi1982f#226.781#227.123
752	этот	этот	DET	_	Case=Acc|Gender=Masc|Number=Sing	_	_	_	@evi1982f-words#@evi1982f#227.123#227.465
753	выбор	выбор	NOUN	_	Animacy=Inan|Case=Acc|Gender=Masc|Number=Sing	_	_	_	@evi1982f-words#@evi1982f#227.465#227.807
754	который	который	PRON	_	Case=Acc	_	_	_	@evi1982f-words#@evi1982f#227.807#228.149
755	мы	мы	PRON	_	Case=Nom|Number=Plur|Person=1	_	_	_	@evi1982f-words#@evi1982f#228.149#228.491
756	не	не	PART	_	_	_	_	_	@evi1982f-words#@evi1982f#228.491#228.833
757	можем	мочь	VERB	_	Aspect=Imp|Mood=Ind|Number=Plur|Person=1|Tense=Pres|VerbForm=Fin|Voice=Act	_	_	_	@evi1982f-words#@evi1982f#228.833#229.175
758	сделать	сделать	VERB	_	Aspect=Perf|VerbForm=Inf|Voice=Act	_	_	_	@evi1982f-words#@evi1982f#229.175#229.517
759	самостоятельно	самостоятельно	ADV	_	Degree=Pos	_	_	_	@evi1982f-words#@evi1982f#229.517#229.859
760	в	в	ADP	_	_	_	_	_	@evi1982f-words#@evi1982f#229.859#230.201
761	семнадцать	семнадцать	NUM	_	Case=Acc	_	_	_	@evi1982f-words#@evi1982f#230.201#230.543
762	лет	год	NOUN	_	Animacy=Inan|Case=Gen|Gender=Masc|Number=Plur	_	_	_	@evi1982f-words#@evi1982f#230.543#230.885
763	ну	ну	PART	_	_	_	_	_	@evi1982f-words#@evi1982f#230.885#231.227
764	как	как	SCONJ	_	_	_	_	_	@evi1982f-words#@evi1982f#231.227#231.569
765	ты	ты	PRON	_	Case=Nom|Number=Sing|Person=2	_	_	_	@evi1982f-words#@evi1982f#231.569#231.911
766	можешь	мочь	VERB	_	Aspect=Imp|Mood=Ind|Number=Sing|Person=2|Tense=Pres|VerbForm=Fin|Voice=Act	_	_	_	@evi1982f-words#@evi1982f#231.911#232.253
767	ну	ну	PART	_	_	_	_	_	@evi1982f-words#@evi1982f#232.253#232.595
768	я...	я	PRON	_	_	_	_	_	@evi1982f-words#@evi1982f#232.595#232.937
769	ты	ты	PRON	_	Case=Nom|Number=Sing|Person=2	_	_	_	@evi1982f-words#@evi1982f#232.937#233.279
770	помнишь	помнить	VERB	_	Aspect=Imp|Mood=Ind|Number=Sing|Person=2|Tense=Pres|VerbForm=Fin|Voice=Act	_	_	_	@evi1982f-words#@evi1982f#233.279#233.621
771	себя	себя	PRON	_	Case=Acc	_	_	_	@evi1982f-words#@evi1982f#233.621#233.963
772	в	в	ADP	_	_	_	_	_	@evi1982f-words#@evi1982f#233.963#234.305
773	семнадцать	семнадцать	NUM	_	Case=Acc	_	_	_	@evi1982f-words#@evi1982f#234.305#234.647
774	?	?	PUNCT	_	_	_	_	_	@evi1982f-words#@evi1982f#234.647#235.007
775	ну	ну	PART	_	_	_	_	_	@evi1982f-words#@evi1982f#235.346#235.702
776	ты	ты	PRON	_	Case=Nom|Number=Sing|Person=2	_	_	_	@evi1982f-words#@evi1982f#235.702#236.058
777	знала	знать	VERB	_	Aspect=Imp|Gender=Fem|Mood=Ind|Number=Sing|Tense=Past|VerbForm=Fin|Voice=Act	_	_	_	@evi1982f-words#@evi1982f#236.058#236.414
778	вот	вот	PART	_	_	_	_	_	@evi1982f-words#@evi1982f#236.414#236.77
779	ну	ну	PART	_	_	_	_	_	@evi1982f-words#@evi1982f#236.77#237.126
780	ты	ты	PRON	_	Case=Nom|Number=Sing|Person=2	_	_	_	@evi1982f-words#@evi1982f#237.126#237.482
781	исключение	исключение	NOUN	_	Animacy=Inan|Case=Nom|Gender=Neut|Number=Sing	_	_	_	@evi1982f-words#@evi1982f#237.482#237.838
782	из	из	ADP	_	_	_	_	_	@evi1982f-words#@evi1982f#237.838#238.194
783	правил	правило	NOUN	_	Animacy=Inan|Case=Gen|Gender=Neut|Number=Plur	_	_	_	@evi1982f-words#@evi1982f#238.194#238.558
784	и	и	CCONJ	_	_	_	_	_	@evi1982f-words#@evi1982f#242.02#242.296
785	ты	ты	PRON	_	Case=Nom|Number=Sing|Person=2	_	_	_	@evi1982f-words#@evi1982f#242.296#242.572
786	точно	точно	ADV	_	Degree=Pos	_	_	_	@evi1982f-words#@evi1982f#242.572#242.848
787	знала	знать	VERB	_	Aspect=Imp|Gender=Fem|Mood=Ind|Number=Sing|Tense=Past|VerbForm=Fin|Voice=Act	_	_	_	@evi1982f-words#@evi1982f#242.848#243.124
788	что	что	PRON	_	Case=Acc	_	_	_	@evi1982f-words#@evi1982f#243.124#243.4
789	ты	ты	PRON	_	Case=Nom|Number=Sing|Person=2	_	_	_	@evi1982f-words#@evi1982f#243.4#243.676
790	хочешь	хотеть	VERB	_	Aspect=Imp|Mood=Ind|Number=Sing|Person=2|Tense=Pres|VerbForm=Fin|Voice=Act	_	_	_	@evi1982f-words#@evi1982f#243.676#243.952
791	это	это	PRON	_	Animacy=Inan|Case=Nom|Gender=Neut|Number=Sing	_	_	_	@evi1982f-words#@evi1982f#243.952#244.228
792	такое	такой	DET	_	Case=Nom|Gender=Neut|Number=Sing	_	_	_	@evi1982f-words#@evi1982f#244.228#244.504
793	большое	большой	ADJ	_	Case=Nom|Degree=Pos|Gender=Neut|Number=Sing	_	_	_	@evi1982f-words#@evi1982f#244.504#244.78
794	счастье	счастье	NOUN	_	Animacy=Inan|Case=Nom|Gender=Neut|Number=Sing	_	_	_	@evi1982f-words#@evi1982f#244.78#245.056
795	а	а	CCONJ	_	_	_	_	_	@evi1982f-words#@evi1982f#245.056#245.332
796	когда	когда	SCONJ	_	_	_	_	_	@evi1982f-words#@evi1982f#245.332#245.608
797	ты	ты	PRON	_	Case=Nom|Number=Sing|Person=2	_	_	_	@evi1982f-words#@evi1982f#245.608#245.884
798	не	не	PART	_	_	_	_	_	@evi1982f-words#@evi1982f#245.884#246.16
799	очень	очень	ADV	_	_	_	_	_	@evi1982f-words#@evi1982f#246.16#246.436
800	знаешь	знать	VERB	_	Aspect=Imp|Mood=Ind|Number=Sing|Person=2|Tense=Pres|VerbForm=Fin|Voice=Act	_	_	_	@evi1982f-words#@evi1982f#246.436#246.712
801	/	/	PUNCT	_	_	_	_	_	@evi1982f-words#@evi1982f#246.712#246.988
802	и	и	CCONJ	_	_	_	_	_	@evi1982f-words#@evi1982f#246.988#247.264
803	когда	когда	SCONJ	_	_	_	_	_	@evi1982f-words#@evi1982f#247.264#247.54
804	/	/	PUNCT	_	_	_	_	_	@evi1982f-words#@evi1982f#247.54#247.816
805	твой	твой	DET	_	Case=Nom|Gender=Masc|Number=Sing	_	_	_	@evi1982f-words#@evi1982f#247.816#248.092
806	талант	талант	NOUN	_	Animacy=Inan|Case=Nom|Gender=Masc|Number=Sing	_	_	_	@evi1982f-words#@evi1982f#248.092#248.368
807	не	не	PART	_	_	_	_	_	@evi1982f-words#@evi1982f#248.368#248.644
808	на	на	ADP	_	_	_	_	_	@evi1982f-words#@evi1982f#248.644#248.92
809	поверхности	поверхность	NOUN	_	Animacy=Inan|Case=Loc|Gender=Fem|Number=Sing	_	_	_	@evi1982f-words#@evi1982f#248.92#249.196
810	/	/	PUNCT	_	_	_	_	_	@evi1982f-words#@evi1982f#249.196#249.472
811	а	а	CCONJ	_	_	_	_	_	@evi1982f-words#@evi1982f#249.472#249.748
812	ведь	ведь	PART	_	_	_	_	_	@evi1982f-words#@evi1982f#249.748#250.024
813	это	это	PRON	_	Animacy=Inan|Case=Nom|Gender=Neut|Number=Sing	_	_	_	@evi1982f-words#@evi1982f#250.024#250.3
814	очень	очень	ADV	_	_	_	_	_	@evi1982f-words#@evi1982f#250.3#250.576
815	часто	часто	ADV	_	Degree=Pos	_	_	_	@evi1982f-words#@evi1982f#250.576#250.852
816	бывает	бывать	VERB	_	Aspect=Imp|Mood=Ind|Number=Sing|Person=3|Tense=Pres|VerbForm=Fin|Voice=Act	_	_	_	@evi1982f-words#@evi1982f#250.852#251.128
817	такое	такой	DET	_	Case=Acc|Gender=Neut|Number=Sing	_	_	_	@evi1982f-words#@evi1982f#251.128#251.404
818	что	что	SCONJ	_	_	_	_	_	@evi1982f-words#@evi1982f#251.404#251.68
819	ты	ты	PRON	_	Case=Nom|Number=Sing|Person=2	_	_	_	@evi1982f-words#@evi1982f#251.68#251.956
820	пока	пока	ADV	_	_	_	_	_	@evi1982f-words#@evi1982f#251.956#252.232
821	не	не	PART	_	_	_	_	_	@evi1982f-words#@evi1982f#252.232#252.508
822	очень	очень	ADV	_	_	_	_	_	@evi1982f-words#@evi1982f#252.508#252.784
823	знаешь	знать	VERB	_	Aspect=Imp|Mood=Ind|Number=Sing|Person=2|Tense=Pres|VerbForm=Fin|Voice=Act	_	_	_	@evi1982f-words#@evi1982f#252.784#253.06
824	где	где	ADV	_	_	_	_	_	@evi1982f-words#@evi1982f#253.06#253.336
825	ты	ты	PRON	_	Case=Nom|Number=Sing|Person=2	_	_	_	@evi1982f-words#@evi1982f#253.336#253.612
826	хорош	хороший	ADJ	_	Degree=Pos|Gender=Masc|Number=Sing|Variant=Short	_	_	_	@evi1982f-words#@evi1982f#253.612#253.908
827	и	и	CCONJ	_	_	_	_	_	@evi1982f-words#@evi1982f#254.478#254.833
828	что	что	PRON	_	Case=Nom	_	_	_	@evi1982f-words#@evi1982f#254.833#255.188
829	есть	быть	VERB	_	Aspect=Imp|Mood=Ind|Number=Sing|Person=3|Tense=Pres|VerbForm=Fin|Voice=Act	_	_	_	@evi1982f-words#@evi1982f#255.188#255.543
830	твоя	твой	DET	_	Case=Nom|Gender=Fem|Number=Sing	_	_	_	@evi1982f-words#@evi1982f#255.543#255.898
831	сильная	сильный	ADJ	_	Case=Nom|Degree=Pos|Gender=Fem|Number=Sing	_	_	_	@evi1982f-words#@evi1982f#255.898#256.253
832	сторона	сторона	NOUN	_	Animacy=Inan|Case=Nom|Gender=Fem|Number=Sing	_	_	_	@evi1982f-words#@evi1982f#256.253#256.608
833	/	/	PUNCT	_	_	_	_	_	@evi1982f-words#@evi1982f#256.608#256.963
834	как	как	SCONJ	_	_	_	_	_	@evi1982f-words#@evi1982f#256.963#257.318
835	можно	можно	PRED	_	_	_	_	_	@evi1982f-words#@evi1982f#257.318#257.673
836	принять	принять	VERB	_	Aspect=Perf|VerbForm=Inf|Voice=Act	_	_	_	@evi1982f-words#@evi1982f#257.673#258.028
837	решение	решение	NOUN	_	Animacy=Inan|Case=Acc|Gender=Neut|Number=Sing	_	_	_	@evi1982f-words#@evi1982f#258.028#258.383
838	в	в	ADP	_	_	_	_	_	@evi1982f-words#@evi1982f#258.383#258.738
839	шестнадцать	шестнадцать	NUM	_	Case=Acc	_	_	_	@evi1982f-words#@evi1982f#258.738#259.093
840	лет	год	NOUN	_	Animacy=Inan|Case=Gen|Gender=Masc|Number=Plur	_	_	_	@evi1982f-words#@evi1982f#259.093#259.448
841	кем	кто	PRON	_	Case=Ins	_	_	_	@evi1982f-words#@evi1982f#259.448#259.803
842	ты	ты	PRON	_	Case=Nom|Number=Sing|Person=2	_	_	_	@evi1982f-words#@evi1982f#259.803#260.158
843	хочешь	хотеть	VERB	_	Aspect=Imp|Mood=Ind|Number=Sing|Person=2|Tense=Pres|VerbForm=Fin|Voice=Act	_	_	_	@evi1982f-words#@evi1982f#260.158#260.513
844	стать	стать	VERB	_	Aspect=Perf|VerbForm=Inf|Voice=Mid	_	_	_	@evi1982f-words#@evi1982f#260.513#260.868
845	?	?	PUNCT	_	_	_	_	_	@evi1982f-words#@evi1982f#260.868#261.236
846	я	я	PRON	_	Case=Nom|Number=Sing|Person=1	_	_	_	@evi1982f-words#@evi1982f#262.331#262.661
847	бы	бы	AUX	_	_	_	_	_	@evi1982f-words#@evi1982f#262.661#262.991
848	сейчас	сейчас	ADV	_	_	_	_	_	@evi1982f-words#@evi1982f#262.991#263.321
849	в	в	ADV	_	_	_	_	_	@evi1982f-words#@evi1982f#263.321#263.651
850	шестнадцать	шестнадцать	NUM	_	Case=Acc	_	_	_	@evi1982f-words#@evi1982f#263.651#263.981
851	лет	год	NOUN	_	Animacy=Inan|Case=Gen|Gender=Masc|Number=Plur	_	_	_	@evi1982f-words#@evi1982f#263.981#264.311
852	/	/	PUNCT	_	_	_	_	_	@evi1982f-words#@evi1982f#264.311#264.641
853	хотела	хотеть	VERB	_	Aspect=Imp|Gender=Fem|Mood=Ind|Number=Sing|Tense=Past|VerbForm=Fin|Voice=Act	_	_	_	@evi1982f-words#@evi1982f#264.641#264.971
854	стать	стать	VERB	_	Aspect=Perf|VerbForm=Inf|Voice=Mid	_	_	_	@evi1982f-words#@evi1982f#264.971#265.301
855	рэпером	рэпер	NOUN	_	Animacy=Anim|Case=Ins|Gender=Masc|Number=Sing	_	_	_	@evi1982f-words#@evi1982f#265.301#265.631
856	#смеётся#	#смеётся#	X	_	_	_	_	_	@evi1982f-words#@evi1982f#265.631#265.961
857	/	/	PUNCT	_	_	_	_	_	@evi1982f-words#@evi1982f#265.961#266.291
858	и	и	CCONJ	_	_	_	_	_	@evi1982f-words#@evi1982f#266.291#266.621
859	всё	все	PART	_	_	_	_	_	@evi1982f-words#@evi1982f#266.621#266.951
860	больше	много	ADV	_	Degree=Cmp	_	_	_	@evi1982f-words#@evi1982f#266.951#267.281
861	никем	никто	PRON	_	Case=Ins	_	_	_	@evi1982f-words#@evi1982f#267.281#267.611
862	бы	бы	AUX	_	_	_	_	_	@evi1982f-words#@evi1982f#267.611#267.941
863	я	я	PRON	_	Case=Nom|Number=Sing|Person=1	_	_	_	@evi1982f-words#@evi1982f#267.941#268.271
864	не	не	PART	_	_	_	_	_	@evi1982f-words#@evi1982f#268.271#268.601
865	хотела	хотеть	VERB	_	Aspect=Imp|Gender=Fem|Mood=Ind|Number=Sing|Tense=Past|VerbForm=Fin|Voice=Act	_	_	_	@evi1982f-words#@evi1982f#268.601#268.931
866	стать	стать	VERB	_	Aspect=Perf|VerbForm=Inf|Voice=Mid	_	_	_	@evi1982f-words#@evi1982f#268.931#269.261
867	#смеётся#	#смеётся#	X	_	_	_	_	_	@evi1982f-words#@evi1982f#269.261#269.6
868	я	я	PRON	_	Case=Nom|Number=Sing|Person=1	_	_	_	@evi1982f-words#@evi1982f#269.607#270.083
869	б...	бы	PART	_	_	_	_	_	@evi1982f-words#@evi1982f#270.083#270.559
870	я	я	PRON	_	Case=Nom|Number=Sing|Person=1	_	_	_	@evi1982f-words#@evi1982f#270.559#271.035
871	бы	бы	AUX	_	_	_	_	_	@evi1982f-words#@evi1982f#271.035#271.511
872	хотела	хотеть	VERB	_	Aspect=Imp|Gender=Fem|Mood=Ind|Number=Sing|Tense=Past|VerbForm=Fin|Voice=Act	_	_	_	@evi1982f-words#@evi1982f#271.511#271.987
873	учиться	учиться	VERB	_	Aspect=Imp|VerbForm=Inf|Voice=Mid	_	_	_	@evi1982f-words#@evi1982f#271.987#272.463
874	на	на	ADP	_	_	_	_	_	@evi1982f-words#@evi1982f#272.463#272.939
875	принцессу	принцесса	NOUN	_	Animacy=Inan|Case=Loc|Gender=Masc|Number=Sing	_	_	_	@evi1982f-words#@evi1982f#272.939#273.415
876	#смеётся#	#смеётся#	X	_	_	_	_	_	@evi1982f-words#@evi1982f#273.415#273.897
877	я	я	PRON	_	Case=Nom|Number=Sing|Person=1	_	_	_	@evi1982f-words#@evi1982f#273.902#274.25
878	в	в	ADP	_	_	_	_	_	@evi1982f-words#@evi1982f#274.25#274.598
879	детстве	детство	NOUN	_	Animacy=Inan|Case=Loc|Gender=Neut|Number=Sing	_	_	_	@evi1982f-words#@evi1982f#274.598#274.946
880	всегда	всегда	ADV	_	_	_	_	_	@evi1982f-words#@evi1982f#274.946#275.294
881	говорила	говорить	VERB	_	Aspect=Imp|Gender=Fem|Mood=Ind|Number=Sing|Tense=Past|VerbForm=Fin|Voice=Act	_	_	_	@evi1982f-words#@evi1982f#275.294#275.642
882	что	что	SCONJ	_	_	_	_	_	@evi1982f-words#@evi1982f#275.642#275.99
883	я	я	PRON	_	Case=Nom|Number=Sing|Person=1	_	_	_	@evi1982f-words#@evi1982f#275.99#276.338
884	да	да	PART	_	_	_	_	_	@evi1982f-words#@evi1982f#276.338#276.686
885	я	я	PRON	_	Case=Nom|Number=Sing|Person=1	_	_	_	@evi1982f-words#@evi1982f#276.686#277.034
886	училась	учиться	VERB	_	Aspect=Imp|Gender=Fem|Mood=Ind|Number=Sing|Tense=Past|VerbForm=Fin|Voice=Mid	_	_	_	@evi1982f-words#@evi1982f#277.034#277.382
887	на	на	ADP	_	_	_	_	_	@evi1982f-words#@evi1982f#277.382#277.73
888	принцессу	принцесса	NOUN	_	Animacy=Inan|Case=Loc|Gender=Masc|Number=Sing	_	_	_	@evi1982f-words#@evi1982f#277.73#278.078
889	/	/	PUNCT	_	_	_	_	_	@evi1982f-words#@evi1982f#278.078#278.426
890	а	а	CCONJ	_	_	_	_	_	@evi1982f-words#@evi1982f#278.426#278.774
891	мой	мой	DET	_	Case=Nom|Gender=Masc|Number=Sing	_	_	_	@evi1982f-words#@evi1982f#278.774#279.122
892	друг	друг	NOUN	_	Animacy=Anim|Case=Nom|Gender=Masc|Number=Sing	_	_	_	@evi1982f-words#@evi1982f#279.122#279.47
893	на	на	ADP	_	_	_	_	_	@evi1982f-words#@evi1982f#279.47#279.818
894	пирата	пират	NOUN	_	Animacy=Anim|Case=Acc|Gender=Masc|Number=Sing	_	_	_	@evi1982f-words#@evi1982f#279.818#280.166
895	/	/	PUNCT	_	_	_	_	_	@evi1982f-words#@evi1982f#280.166#280.514
896	я	я	PRON	_	Case=Nom|Number=Sing|Person=1	_	_	_	@evi1982f-words#@evi1982f#280.514#280.862
897	сейчас	сейчас	ADV	_	_	_	_	_	@evi1982f-words#@evi1982f#280.862#281.21
898	готова	готовый	ADJ	_	Degree=Pos|Gender=Fem|Number=Sing|Variant=Short	_	_	_	@evi1982f-words#@evi1982f#281.21#281.558
899	эээ	эээ	INTJ	_	_	_	_	_	@evi1982f-words#@evi1982f#281.558#281.906
900	ну	ну	PART	_	_	_	_	_	@evi1982f-words#@evi1982f#281.906#282.254
901	/	/	PUNCT	_	_	_	_	_	@evi1982f-words#@evi1982f#282.254#282.602
902	я	я	PRON	_	Case=Nom|Number=Sing|Person=1	_	_	_	@evi1982f-words#@evi1982f#282.602#282.95
903	готова	готовый	ADJ	_	Degree=Pos|Gender=Fem|Number=Sing|Variant=Short	_	_	_	@evi1982f-words#@evi1982f#282.95#283.298
904	к	к	ADP	_	_	_	_	_	@evi1982f-words#@evi1982f#283.298#283.646
905	знаниям	знание	NOUN	_	Animacy=Inan|Case=Dat|Gender=Neut|Number=Plur	_	_	_	@evi1982f-words#@evi1982f#283.646#283.994
906	каким-то	какой-то	DET	_	Case=Dat|Number=Plur	_	_	_	@evi1982f-words#@evi1982f#283.994#284.342
907	/	/	PUNCT	_	_	_	_	_	@evi1982f-words#@evi1982f#284.342#284.69
908	мне	я	PRON	_	Case=Dat|Number=Sing|Person=1	_	_	_	@evi1982f-words#@evi1982f#284.69#285.038
909	становится	становиться	VERB	_	Aspect=Imp|Mood=Ind|Number=Sing|Person=3|Tense=Pres|VerbForm=Fin|Voice=Mid	_	_	_	@evi1982f-words#@evi1982f#285.038#285.386
910	любопытно	любопытный	ADV	_	Degree=Pos	_	_	_	@evi1982f-words#@evi1982f#285.386#285.734
911	/	/	PUNCT	_	_	_	_	_	@evi1982f-words#@evi1982f#285.734#286.082
912	мне	я	PRON	_	Case=Dat|Number=Sing|Person=1	_	_	_	@evi1982f-words#@evi1982f#286.082#286.43
913	становится	становиться	VERB	_	Aspect=Imp|Mood=Ind|Number=Sing|Person=3|Tense=Pres|VerbForm=Fin|Voice=Mid	_	_	_	@evi1982f-words#@evi1982f#286.43#286.778
914	интересно	интересный	ADV	_	Degree=Pos	_	_	_	@evi1982f-words#@evi1982f#286.778#287.126
915	[нрзб]	[нрзб]	X	_	_	_	_	_	@evi1982f-words#@evi1982f#287.126#287.486
916	именно	именно	PART	_	_	_	_	_	@evi1982f-words#@evi1982f#289.2#289.527
917	интерес	интерес	NOUN	_	Animacy=Inan|Case=Nom|Gender=Masc|Number=Sing	_	_	_	@evi1982f-words#@evi1982f#289.527#289.854
918	/	/	PUNCT	_	_	_	_	_	@evi1982f-words#@evi1982f#289.854#290.181
919	потому	потому	ADV	_	_	_	_	_	@evi1982f-words#@evi1982f#290.181#290.508
920	что	что	SCONJ	_	_	_	_	_	@evi1982f-words#@evi1982f#290.508#290.835
921	я	я	PRON	_	Case=Nom|Number=Sing|Person=1	_	_	_	@evi1982f-words#@evi1982f#290.835#291.162
922	всё	все	ADV	_	_	_	_	_	@evi1982f-words#@evi1982f#291.162#291.489
923	равно	равно	ADV	_	_	_	_	_	@evi1982f-words#@evi1982f#291.489#291.82
924	когда	когда	SCONJ	_	_	_	_	_	@evi1982f-words#@evi1982f#292.217#292.526
925	я	я	PRON	_	Case=Nom|Number=Sing|Person=1	_	_	_	@evi1982f-words#@evi1982f#292.526#292.835
926	собираюсь	собираться	VERB	_	Aspect=Imp|Mood=Ind|Number=Sing|Person=1|Tense=Pres|VerbForm=Fin|Voice=Mid	_	_	_	@evi1982f-words#@evi1982f#292.835#293.144
927	куда-то	куда-то	ADV	_	_	_	_	_	@evi1982f-words#@evi1982f#293.144#293.453
928	я	я	PRON	_	Case=Nom|Number=Sing|Person=1	_	_	_	@evi1982f-words#@evi1982f#293.453#293.762
929	нет-нет	нет-нет	PART	_	Polarity=Neg	_	_	_	@evi1982f-words#@evi1982f#293.762#294.071
930	да	да	CCONJ	_	_	_	_	_	@evi1982f-words#@evi1982f#294.071#294.38
931	и	и	PART	_	_	_	_	_	@evi1982f-words#@evi1982f#294.38#294.689
932	включу	включить	VERB	_	Aspect=Perf|Mood=Ind|Number=Sing|Person=1|Tense=Fut|VerbForm=Fin|Voice=Act	_	_	_	@evi1982f-words#@evi1982f#294.689#294.998
933	какую-то	какой-то	DET	_	Case=Acc|Gender=Fem|Number=Sing	_	_	_	@evi1982f-words#@evi1982f#294.998#295.307
934	интересную	интересный	ADJ	_	Case=Acc|Degree=Pos|Gender=Fem|Number=Sing	_	_	_	@evi1982f-words#@evi1982f#295.307#295.616
935	лекцию	лекция	NOUN	_	Animacy=Inan|Case=Acc|Gender=Fem|Number=Sing	_	_	_	@evi1982f-words#@evi1982f#295.616#295.925
936	/	/	PUNCT	_	_	_	_	_	@evi1982f-words#@evi1982f#295.925#296.234
937	а	а	CCONJ	_	_	_	_	_	@evi1982f-words#@evi1982f#296.234#296.543
938	так	так	ADV	_	_	_	_	_	@evi1982f-words#@evi1982f#296.543#296.852
939	чтобы	чтобы	SCONJ	_	_	_	_	_	@evi1982f-words#@evi1982f#296.852#297.161
940	я	я	PRON	_	Case=Nom|Number=Sing|Person=1	_	_	_	@evi1982f-words#@evi1982f#297.161#297.47
941	когда	когда	ADV	_	_	_	_	_	@evi1982f-words#@evi1982f#297.47#297.779
942	/	/	PUNCT	_	_	_	_	_	@evi1982f-words#@evi1982f#297.779#298.088
943	ну	ну	PART	_	_	_	_	_	@evi1982f-words#@evi1982f#298.088#298.397
944	нет	нет	PART	_	Aspect=Imp|Mood=Ind|Number=Sing|Person=3|Tense=Pres|VerbForm=Fin|Voice=Act	_	_	_	@evi1982f-words#@evi1982f#298.397#298.706
945	/	/	PUNCT	_	_	_	_	_	@evi1982f-words#@evi1982f#298.706#299.015
946	в	в	ADP	_	_	_	_	_	@evi1982f-words#@evi1982f#299.015#299.324
947	семнадцать	семнадцать	NUM	_	Case=Acc	_	_	_	@evi1982f-words#@evi1982f#299.324#299.633
948	лет	год	NOUN	_	Animacy=Inan|Case=Gen|Gender=Masc|Number=Plur	_	_	_	@evi1982f-words#@evi1982f#299.633#299.942
949	я	я	PRON	_	Case=Nom|Number=Sing|Person=1	_	_	_	@evi1982f-words#@evi1982f#299.942#300.251
950	хочу	хотеть	VERB	_	Aspect=Imp|Mood=Ind|Number=Sing|Person=1|Tense=Pres|VerbForm=Fin|Voice=Act	_	_	_	@evi1982f-words#@evi1982f#300.251#300.56
951	бухать	бухать	VERB	_	Aspect=Imp|VerbForm=Inf|Voice=Act	_	_	_	@evi1982f-words#@evi1982f#300.56#300.873
952	я	я	PRON	_	Case=Nom|Number=Sing|Person=1	_	_	_	@evi1982f-words#@evi1982f#301.373#301.959
953	хочу	хотеть	VERB	_	Aspect=Imp|Mood=Ind|Number=Sing|Person=1|Tense=Pres|VerbForm=Fin|Voice=Act	_	_	_	@evi1982f-words#@evi1982f#301.959#302.545
954	кутить	кутить	VERB	_	Aspect=Perf|VerbForm=Inf|Voice=Act	_	_	_	@evi1982f-words#@evi1982f#302.545#303.131
955	/	/	PUNCT	_	_	_	_	_	@evi1982f-words#@evi1982f#303.131#303.717
956	я	я	PRON	_	Case=Nom|Number=Sing|Person=1	_	_	_	@evi1982f-words#@evi1982f#303.717#304.303
957	хочу	хотеть	VERB	_	Aspect=Imp|Mood=Ind|Number=Sing|Person=1|Tense=Pres|VerbForm=Fin|Voice=Act	_	_	_	@evi1982f-words#@evi1982f#304.303#304.889
958	фестивали	фестиваль	NOUN	_	Aspect=Imp|Mood=Ind|Number=Plur|Tense=Past|VerbForm=Fin|Voice=Act	_	_	_	@evi1982f-words#@evi1982f#304.889#305.475
959	я	я	PRON	_	Case=Nom|Number=Sing|Person=1	_	_	_	@evi1982f-words#@evi1982f#305.475#306.061
960	на	на	ADP	_	_	_	_	_	@evi1982f-words#@evi1982f#306.061#306.647
961	Cигит	Cигит	PROPN	_	Animacy=Inan|Case=Acc|Gender=Masc|Number=Sing	_	_	_	@evi1982f-words#@evi1982f#306.647#307.233
962	накопила	накопить	VERB	_	Aspect=Perf|Gender=Fem|Mood=Ind|Number=Sing|Tense=Past|VerbForm=Fin|Voice=Act	_	_	_	@evi1982f-words#@evi1982f#307.233#307.819
963	бабла	бабло	NOUN	_	Animacy=Inan|Case=Gen|Gender=Neut|Number=Sing	_	_	_	@evi1982f-words#@evi1982f#307.819#308.405
964	#кричит#	#кричит#	X	_	_	_	_	_	@evi1982f-words#@evi1982f#308.405#309.0
965	я	я	PRON	_	Case=Nom|Number=Sing|Person=1	_	_	_	@evi1982f-words#@evi1982f#309.5#310.027
966	у	у	ADP	_	_	_	_	_	@evi1982f-words#@evi1982f#310.027#310.554
967	кришнаита	кришнаит	NOUN	_	Animacy=Inan|Case=Gen|Gender=Masc|Number=Sing	_	_	_	@evi1982f-words#@evi1982f#310.554#311.081
968	буду	быть	AUX	_	Aspect=Imp|Mood=Ind|Number=Sing|Person=1|Tense=Pres|VerbForm=Fin|Voice=Act	_	_	_	@evi1982f-words#@evi1982f#311.081#311.608
969	бесплатно	бесплатно	ADV	_	Degree=Pos	_	_	_	@evi1982f-words#@evi1982f#311.608#312.135
970	жрать	жрать	VERB	_	Aspect=Imp|VerbForm=Inf|Voice=Act	_	_	_	@evi1982f-words#@evi1982f#312.135#312.662
971	/	/	PUNCT	_	_	_	_	_	@evi1982f-words#@evi1982f#312.662#313.189
972	какие	какой	DET	_	Case=Acc|Number=Plur	_	_	_	@evi1982f-words#@evi1982f#313.189#313.716
973	знания	знание	NOUN	_	Animacy=Inan|Case=Acc|Gender=Neut|Number=Plur	_	_	_	@evi1982f-words#@evi1982f#313.716#314.243
974	вообще	вообще	ADV	_	_	_	_	_	@evi1982f-words#@evi1982f#314.243#314.775
